company,date,pct_positive,pct_negative,pct_neutral,sentiment_score,mean_confidence,paragraph_count,most_positive_text,most_negative_text,price_change_1d,price_change_5d
AAPL,2016-01-26,0.3548387096774194,0.22580645161290322,0.41935483870967744,0.12903225806451613,0.9246956893548387,31,"1. Results:           1. Vast majority of services provided to customers, apps, movies and TV shows, are tied to installed base of devices rather than to current qtr. sales.           2. For some of these services like content, recognizes revenue based on transaction value.                1. For App Store, shares a portion of value of each transaction with app developer, and only recognized revenue on portion that Co. keeps.           3. When aggregating purchase value of services tied to installed base during FY15, adds up to more than $31b.                1. Increased 23% over FY14.           4. In recent Dec. qtr., purchases of installed base services reached $8.9b.                1. Grew 24% YoverY.           5. Installed base services, quite profitable.                1. GM on purchase value basis, similar to Co. avg.           6. Active device is one that has been engaged with services within past 90 days.                1. Active installed base recently passed 1b devices; YoverY growth more than 25%.           7. Has built huge installed base around four platforms:                1. iOS.                2. Mac OS.                3. watchOS.                4. tvOS.           8. Tremendously satisfied loyal customers who are engaged with services at fast growing rate.           9. All aforementioned provides with unparalleled foundation for future of business.      2. Highlights:           1. Revenue $75.9b.                1. Increased $1.3b or 2% YoverY.                2. Growth was driven by:                     1. All-time record iPhone sales.                     2. All-time record revenue from services.                     3. Expanded availability of Apple Watch.                     4. Successful launch of new Apple TV.                3. Achieved this record revenue performance despite large negative impact from weakness of foreign currency.                4. In constant currency, revenue growth rate was 8%.           2. Achieved impressive results in Greater China.                1. Revenue grew 14% YoverY and 47% sequentially to an all-time record of $18.4b.                2. Emerging markets performance was strong overall, up 11% YoverY, and representing 34% of total Co. revenue.           3. GM 40.1%.                1. Up sequentially and better-than-expectations, mainly due to:                     1. Favorable commodity cost.                     2. Product mix.           4. Operating margin 31.9% of revenue.           5. Net income $18.4b; all-time record.           6. Diluted EPS $3.28.                1. Increased 7% YoverY over previous all-time record.           7. Cash flow from operations $27.5b; strong.      3. iPhone:           1. Sold 74.8m iPhones.                1. Increase of 300,000 vs. last Dec. qtr.           2. Sales grew 76% in India and more than 45% in:                1. Korea.                2. Middle East.                3. Africa.           3. Sales up 20% or more in many Western European countries.                1. Grew 18% in Mainland China.           4. ASP $691 vs. $687 in 1Q15 despite of unfavorable FX impact.           5. Seeing strong interest in iPhone with consumers and business users.                1. Among corporate buyers planning to purchase smartphones in March qtr., 451 Research found 79% planned to purchase iPhones.                     1. That is highest iPhone purchase intent in eight-year history of survey.           6. Started qtr. below channel inventory target range.                1. Due to extremely successful manufacturing ramp, able to exit qtr. slightly [above] low-end of target range of 5-7 weeks of iPhone channel inventory.      4. Mac:           1. Sold 5.3m Macs vs. 5.5m last year.                1. Declined 4%.           2. Continued long-running trend of PC market share gains based on IDC's latest estimate of 11% global market contraction.                1. YoverY sales growth in Mainland China 27%.           3. Ended qtr. within 4-5 week target range for Mac channel inventory.      5. iPad:           1. Sold 16.1m vs. 1Q15's 21.4m.                1. Exited qtr. within 5-7 week target range of iPad channel inventory.           2. Tablet market:                1. Highly successful.                2. Recent data from NPD indicates that iPad has 85% share of US market for tablets priced above $200.                3. Latest data published by ITC indicates that iPad accounts for 67% of US commercial tablet market, comprising:                     1. Enterprise.                     2. Government.                     3. Education.                4. In Nov., 451 Research measured 97% consumer satisfaction rate for iPad Air 2.                     1. Among consumers planning to purchase a tablet within next six months, 65% planned to purchase an iPad.                     2. Corporate buyers reported 95% satisfaction rate; March qtr. purchase intent, 73%.      6. Enterprise:           1. Initiatives expanding.           2. IBM released 48 new IBM MobileFirst for iOS apps in Dec. qtr.                1. There are now over 100 apps in IBM MobileFirst for iOS catalog for iPhone, iPad and Apple Watch.           3. Partnership with Cisco gained significant momentum, since announced it at Aug.-end.           4. Continuing to grow mobility partner program.                1. Added more than 25 partners in Dec. qtr., bringing total to over 90.      7. Services:           1. Revenue almost $6.1b, including $548m received from patent infringement dispute.                1. Excluding that amount, revenue was $5.5b.                     1. New all-time record and increase of 15% over last year due in large part to strong growth from apps.                2. Revenue from App Store increased 27%.                     1. Number of transacting customers grew 18%; all-time record.                3. Among customers who purchase apps and content from iTunes Stores, avg. amount spent for customer reached an all-time high in Dec. qtr.      8. Other Details:           1. Revenue from other products grew strongly.                1. Up 62% YoverY due to:                     1. Growing contribution from Apple Watch.                     2. Successful launch of new Apple TV.                2. Both aforementioned established new all-time quarterly records.           2. Expanded Apple Watch distribution significantly over course of qtr.                1. Experienced especially strong results during holiday buying season.      9. Cash Position:           1. 1Q16-end [$215.7b] in cash plus marketable securities.                1. Increased $10.1b sequentially.                2. $200b of this cash or 93% of total was outside US.           2. Returned over $9b to investors.           3. Paid $3b in dividends and equivalents.           4. Spent $3b to repurchase 26m AAPL shares through open market transactions.           5. Launched sixth share repurchase program, spending $3b and receiving an initial delivery of [20.4m shares].           6. Now completed over $153b of our $200b program, including $110b in share purchases.           7. Plans to provide update on capital return program during 2Q results in April.                1. Plans to be active in US and international debt markets in 2016 in order to fund capital return activities.                2. On 01/26/16, Board of Directors declared cash dividend of $0.52 per share of common stock payable on 02/11/16 to shareholders of record as of 02/08/16.      10. 2Q16 Guidance:           1. Revenue $50-53b.                1. Providing wider range for revenue than usual for 2Q because of volatility seeing in economy and financial and currency markets.           2. GM 39.0-39.5%.                1. Believes these are extremely strong margins in light of headwinds faced from FX and sequential loss of leverage.           3. OpEx $6.0-6.1b.           4. OI&E about $325m.           5. Tax rate about 25.5%.           6. Does not provide guidance beyond current qtr.                1. Difficult to forecast economic and FX factors.                2. At this point, believes March qtr. faces most difficult YoverY compare relative to rest of year.","Thank you, Simona.  Let me take this one. In constant currency, when you look at it for the March quarter, revenue would be down between 5% and 10%.  So we are looking at a 400 basis point impact from foreign exchange for the March quarter.  You talked about a number of issues that are, in fact, included in this guidance.  In addition to lapping, of course, a very strong year ago quarter  just remind you that revenue growth a year ago was up 27%  there's a number of things that we're facing. The macroeconomic environment is weakening.  When you think about all the  particularly all the commodity-driven economies, Brazil and Russia and emerging markets, but also Canada, Australia in developed markets  clearly, the economy is significantly weaker than a year ago. We talked about the unfavorable FX, which again is 400 basis points.  One of the things that we've done to respond to the foreign exchange situation has been to increase the price of some of our products in certain international markets.  That has had the effect of protecting our margins, which you've seen have been very strong, both in the December quarter and in the guidance that we provide for the March quarter.   But inevitably over time, higher prices affect demand and so we are capturing that in our guidance.  So I would say these are the major reasons and the drivers for the guidance on revenue.",-0.06570653328158951,-0.05510543274749217
AAPL,2017-01-31,0.3870967741935484,0.12903225806451613,0.4838709677419355,0.25806451612903225,0.9125623619354839,31,"Yes, Shannon, I'll take it. Obviously within the Services business we have a number of categories. The App Store is the one that is driving significant growth right now. I said in my opening comments that we grew 43%, 13 weeks, over 13 weeks we grew own more for the quarter, right? And what we like about the App Store is that it's truly a global platform, so we are seeing significant growth not only in the developed markets where you expect to see a lot of transaction volume, but we see great growth in places like China for example. And we know that there are parts of the world where we can do better. We can grow, for example, our developer community in a number of emerging markets. And so as we look, as I was explaining earlier, as we look at the number of people that transact growing double digits, we see the amount spent per paid account growing so well, we think that the App Store is going to be a significant driver of growth. On the music front, we are the market leader in digital music and obviously now by having the combination of the download business with the streaming service, which we didn't have until recently, we've been able to bring our music business back to growth, we've grown over the last three quarters, and we feel very good about that. Tim has talked about original content. We've had very good success with exclusives, so we know that it's another business that we can grow. Our iCloud storage business is growing very quickly, and so that is a business that also at the geographic level we can continue to grow significantly. Our AppleCare business is growing very well. A lot of it comes from the fact that our install base of devices around the world continues to grow very well, from double digits and as we've explained in the past, the vast majority of the service that we provide is not driven by what we sell during the last 90 days. It's much more driven by the install base and that gives us a tail wind. We're also opening up several new markets because we're accepting new forms of payment and therefore it's easier for, particularly for international customers to take advantage of our services. You were asking about the margin profile. We said it many times, in aggregate, our Services business tends to have margins that are above company averages. They are accretive so they help us quite a bit from a margin standpoint. Within the Services business, we have very different margin profiles also because as you know we account for some of these services in different ways. In some cases we transact on a buy-sell basis, in other cases we perform as agents, for example, to our developers, right? And that drives different margin percentages.","Thank you. First I wanted to ask about the iPad. It looked like it was about to turn possibly even positive, and you said it was above your plan, but I think it was pretty well below the street's expectations. And the ASP deteriorated pretty significantly, I don't know if it's a mix shift. But maybe you can talk about the iPad and what you see going forward?",0.06098063452822419,0.08388957560774625
AAPL,2018-05-01,0.42424242424242425,0.06060606060606061,0.5151515151515151,0.36363636363636365,0.9396215712121212,33," Timothy D. Cook,  Apple Inc. - CEO & Director    [15]  Well, Mike, it's Tim. The  again, the great thing about Services is there are several services that make up the total that are growing nicely. And I think the other good news is that because our active installed base has  is at such a level at  last quarter, we said that we had exceeded $1.3 billion. This year, we're  we're not going to release this number every quarter, but we've obviously grown again. And it's growing at a double-digit number on a year-over-year basis. And so with that kind of change in the installed base and with the services that we have now and others that we are working on, I think that this is just a huge opportunity for us and feel very good about the track that we're on."," Luca Maestri,  Apple Inc. - CFO & Senior VP    [20]  Yes. Amit, it's Luca. We tend to look at the  our gross margin dynamics on a sequential basis, and essentially, we're guiding to about flat on a sequential basis. On a year-over-year basis, it's less relevant for our business, but in general, I would say that this year we are seeing a more difficult cost environment. Particularly, we're still dealing with about 70 basis points of the impact from the memory pricing environment that we're working through.",0.04417504226256452,0.10023651802547519
AAPL,2019-01-29,0.2608695652173913,0.17391304347826086,0.5652173913043478,0.08695652173913043,0.9044432169565217,23,"Yes. I mean, as I said, I mean, essentially, what  the services  I said services too is our installed base. So the first driver is growing the installed base. Installed base has grown nicely over the last several years. We've added 100 million in the last 12 months alone. So that's the first step. Then within that installed base, of course, we want to make sure that there are more people that are so interested in our services that, in addition to transacting on those services on a free basis, they also are interested in paying for those services. And I mentioned that the percentage of paid accounts has increased strong double digits. So we want to continue to do that. We want to make it easier for our customers to actually use our services, and so we are accepting more and more payment methods around the world. And clearly, as you said, the idea of adding new services is very important to us. During the last 3 years, we've added Apple Pay, which has been incredibly successful and is a wonderful customer experience. We've added Apple Music, where we now have more than 50 million paid subscribers and continues to grow very nicely. And we've added a very useful service to our developers. We provide an advertising service for developers on the App Store. The way we've added these services in the past, obviously, we're also very interested in adding new services that can provide great value to our customers in the future. And we don't want to get into product announcements here, but obviously, that is part of our strategy.","I have one for Luca and one for Tim. Luca, looks like the midpoint of your Q2 revenue guidance implies the steepest Q1 to Q2 sequential decline in iPhone revenues in history. It also implies a year-over-year deceleration in iPhone revenues. And I'm wondering if you can comment about whether that's conservatism, whether you're entering the quarter with a high level of channel inventory, and maybe you can comment explicitly on that, or whether you actually think the macroeconomic conditions are getting worse.",0.06833468157924395,0.12606672490647658
AAPL,2020-01-28,0.38636363636363635,0.0,0.6136363636363636,0.38636363636363635,0.9397472725,44," Timothy D. Cook,  Apple Inc. - CEO & Director    [15]  Yes. Thanks, Shannon. In terms of China, the results from last quarter and then I'll get into the coronavirus second. For the results from last quarter, we had double-digit growth for iPhone in Mainland China, so that was an important change from where we had been running. We also had double-digit growth in Services in Mainland China, and we had extremely strong double-digit on Wearables. And so really, there were a number of different factors.  In terms of the things that customers are responding to, iPhone 11 is doing particularly well there. The product has been very well received with its battery life, and the camera is unbelievable. We also, as you probably know, have certain trade-in programs going and financing programs. These have also been well-received. And so it's sort of the sum of all of this, and we're attracting quite a large percentage of new customers on products like the Mac. 3/4 of the customers buying a Mac in China are new, and nearly 2/3 of the customers buying iPad are new. And so it was a terrific quarter. We had 3 of the top 4 selling smartphones in urban China according to Kantar.  In terms of the coronavirus, as I mentioned earlier, first and foremost, our thoughts are with all of those that are affected across the region. And as I've mentioned, we're donating to groups that are working to contain the outbreak. We're also working very closely with our team and our partners in the affected areas, and we have limited travel to business-critical situations as of last week. The situation is emerging, and we're still gathering lots of data points and monitoring it very closely. As Luca had mentioned, we have a wider-than-usual revenue range for the second quarter due to the greater uncertainty.  I'll talk about supply chain and customer demand some to give you some color. With respect to the supply chain, we do have some suppliers in the Wuhan area. All of these suppliers, there are alternate sources, and we're obviously working on mitigation plans to make up any expected production loss. We factored our best thinking in the guidance that we provided you.  With respect to supply sources that are outside the Wuhan area, the impact is less clear at this time. The reopening of those factories after Chinese New Year has been moved from the end of this month to February 10, depending upon the supplier location. And we've attempted to account for this delayed start-up through our larger range of outcomes that Luca mentioned earlier.  With respect to customer demand and sales, we've currently closed 1 of our retail stores, and a number of channel partners have also closed their storefronts. Many of the stores that remain open have also reduced operating hours. We're taking additional precautions and frequently deep cleaning our stores as well as conducting temperature checks for employees. While our sales within the Wuhan area itself are small, retail traffic has also been impacted outside of this area across the country in the last few days. And again, we have attempted to account for this in our guidance range that we've provided you. I hope that gives you some color."," Luca Maestri,  Apple Inc. - CFO & Senior VP    [17]  Yes. As I said earlier to the question around the gross margin guidance for the March quarter, we are seeing a benign commodity environment. Most commodities have been declining during the December quarter, and we expect the same to happen in the March quarter. As always and as you probably know, we look at the way these prices move. And at times when we feel it's appropriate, we buy certain commodities in advance. And so we will continue that practice as we go through the year.",0.02093232999550089,0.0036513707872282155
AMD,2018-10-24,0.34615384615384615,0.038461538461538464,0.6153846153846154,0.3076923076923077,0.9530482061538461,52,"Yes. Matt, thanks for the question. So on the PC business particularly around client processors, I am bullish on that business. It's a good business for us. Our products are very well positioned when you look at both the desktop and notebook segment. It was important for us to get these new platforms out into the market, and so we have 54 new notebook platforms that are out in the market with a few more to go as we enter  finish up here the fourth quarter. I think the traction that we see in terms of unit shipments, the metric around Ryzen being 70% of our client business  over 70%, and we expect that to continue to accelerate. So we're bullish on the client business as a good business for us to grow over the next 12 to 24 months.","On the weakness in the channel-based GPUs, I'm just wondering if some of the weakness is due to the gaming bans in China. It looks like China is hindering the introduction of new games, but I'm not sure if it's impacting actual GPU sales and sort of the enthusiast gamers' motivation to kind of move up the stack?",-0.15445374486819902,-0.20096541461318937
AMD,2020-01-28,0.4339622641509434,0.05660377358490566,0.5094339622641509,0.37735849056603776,0.9090177149056604,53,"Yes. So I think that's actually a good way of talking about the opportunity, John. I think the CPU opportunity is very immediate and in front of us as we look at the opportunities with Rome and the expanding opportunities. I think the data center GPU market continues to be an important growth vector for us, and now I call that over the several-year horizon. So when you look at the opportunities that we have, when we combine our CPU and GPU IP together, they're very, very strong. I mean, for example, this is the reason that we won the Oak Ridge National Lab Supercomputer with Frontier, which were actually both a CPU and a GPU win, and some of the optimization that we've done with that overall system. We think that there are additional opportunities like that as well as machine learning and AI opportunities. Our focus there has been to work with large cloud providers to optimize the machine learning frameworks. And we had some key milestones that we completed in the fourth quarter that will continue to be a focus for us in 2020 and beyond.","Yes, sure, Mitch. So look, I think you're right. When you look at the semi-custom business in the fourth quarter, it is  it was a bit softer than originally anticipated. So we had originally said last quarter that we thought the second half of the year would be down high-30s, and we were actually down more than that for the second half of the year and for Q4. And as it relates to mix of cloud versus enterprise for 2020, I mean, it will move around from quarter-to-quarter. But I think the best guess at this point is, let's call it, roughly even between the two.",-0.059766496334187416,-0.021373402362426255
AMZN,2018-10-25,0.3448275862068966,0.0,0.6551724137931034,0.3448275862068966,0.9493181168965517,29,"Yes, sure. Let me start with the Amazon Prime price increase. Of course, that went into effect earlier in the year in May. We're very pleased with the renewal data and annual sign-up data that we've seen since then. Program remains very strong, both in membership and engagement. And a lot of our video content, music and shipping, definitely, as well as other Prime Benefits, we just continue to see that ramp up, not only in the U.S. but in other countries. So we do continue to make the Prime offer better as well. I'd mentioned earlier the linkage with Prime member savings at Whole Foods market that we set up in Q2, the expansion of grocery delivery to more than 60 cities in the U.S. using Prime Now and Whole Foods stores, the ability to pick up groceries from Whole Foods, adding content. We have a great slate of content coming out in the fourth quarter here. Hopefully, you've seen already Jack Ryan and The Romanoffs, and pretty soon, you'll see the follow-up season to The Marvelous Mrs. Maisel, and also a couple other things. And hopefully, you'll see Thursday Night Football tonight when you get home.","A question on AWS. Obviously, in the last few quarters, you've seen accelerating revenue growth. This quarter, 46%. Still quite strong. But dollar and percentage growth did slow. And I'm just kind of curious, are you just reaching a point in terms of law of large numbers, where it will be more difficult to sustain, not only accelerating growth but sustain kind of the 40-plus-percent growth levels where we've been recently? Or was there something else going on kind of in the quarter that maybe drove that?",-0.07819679467129459,-0.06544830859024356
ASML,2018-07-18,0.19607843137254902,0.0196078431372549,0.7843137254901961,0.17647058823529413,0.9327378662745098,51,"Thank you, Roger. As Roger has highlighted, we had a good first half of the year, and our business continues to perform very well. The positive industry environment and increasing litho intensity continues to drive strong demand in both logic and memory markets as customers migrate to more advanced nodes requiring our full suite of products.  For the second half of the year, we see strength in Deep UV driven by memory and EUV driven by logic. After an excellent first half in 2018, we expect the second half to be stronger, with improved sales and profitability and as well as continued growth from Q3 to Q4.  Logic demand continues to be solid as both existing and new market applications require more high-performance compute power. Customers are preparing the ramp of the 7-nanometer node, which is driving a significant increase in EUV demand. Given the progress made in EUV execution, there's now increased customer confidence in the future logic road map, and furthermore, plans are being put in place to secure the next-generation High-NA EUV.  Progress in high-performance compute requires similar advances in the memory road map execution for both volatile and nonvolatile memory. Memory strength in both DRAM and NAND is driven by increasing content per device as well as expanding end market applications. And in DRAM, to meet the current bit growth demand expectations of between 20% to 25%, we see customers continuing with technology migrations and greater capacity additions. As fewer bits are being supplied via technology node migrations, it drives an increased need for wafer capacity additions.  In NAND, with planned 2D-to-3D NAND conversions nearly finished, customers require new greenfield fab capacity. This, along with protocol scaling via stacks of stacks, drives additional lithography demand. Significant investments in greenfield fabs, although dampened by high NAND growth rates, which are expected to stay in the 40% to 45% range, may create some short-term volatility. In memory overall, we don't see any structural supply imbalance concerns that would significantly change our positive view of this market segment.  On the ASML product side, let me start with an update on our EUV business. In EUV, we continue to make good progress as this technology ramps in volume production. Priority continues to be on productivity or wafers per day, which is a combination of system throughput and availability. On availability, we have made significant improvements that have enabled 4-week availability above 85% on a number of systems with the latest configuration, our NXE:3400.  On throughput, we have customer systems running at 125 wafers per hour, and we have demonstrated performance beyond [140] wafers per hour. Focused execution on our EUV program is enabling an acceleration of our road map in terms of throughput, availability and overlay, creating the opportunity for value creation for both our customers and ASML.  With this in mind, we decided to accelerate some of the R&D spending to pull in these benefits. And we are working to finalize the configuration and specifications of this accelerated road map and will provide an update later this year. And these improvements will provide an even stronger foundation for our EUV business going forward.  In Deep UV, we're now shipping the NXT:2000 system, which delivers increased customer value via improved lithography performance. We're planning an aggressive ramp of these systems in the second half of the year, driven by strong customer demand in both memory and logic.  In Holistic Lithography, we continue to see growth across our full portfolio of software and metrology products, enabled by the continued integration of HMI's e-beam technology and ASML's computational and control products.  To summarize 2018, we expect continued solid growth in sales and profitability versus 2017. And after an excellent first half, we expect revenue in the second half to be stronger with an improved profitability. We furthermore expect the growth to continue from Q3 to Q4, as mentioned earlier.  Regarding 2019, it's a bit too early to provide quantitative guidance, but I will provide some comments regarding our initial view on high-level trends going into the start of next year.  In memory, we see strong Deep UV demand continuing, with an initial EUV opportunity at more advanced nodes. In logic, 7-nanometer node will continue to ramp, driving a further increase in EUV demand on top of a solid demand in Deep UV.  In our Installed Base Management segment, we expect continued growth via service revenue from a growing installed base as well as upgrade business opportunity, although the latter is somewhat dependent on the customers' willingness to sacrifice utilization in the periods during upgrade.  In summary, at present, we currently expect the strong growth that we experienced this year to continue into 2019. We're well on track to achieve our 2020 targets with significant growth potential beyond 2020. And we plan to communicate our growth opportunity through 2025 at our Investor Day on November 8 this year.  With that, we'll be happy to take your questions.","Yes. I think, well, what I would suggest that you do, because the 38% gross margin is not something that I can easily relate to, so why don't you, after this call, get in touch with our IR folks, and they will probably  can help you understand where you're  or that they can understand where you're coming from in your calculation of the 38%. Because if it would be 38% in Q3, then the 40% in 2020 would be really sandbagging. So that's probably not what you are suggesting. So somewhere  and we need  probably need to help you understand this or we need to understand what your thinking is. I don't think this call is suitable for that. So I would ask you to call our guys.",-0.012115645124799724,0.004910541668027783
ASML,2018-10-17,0.2,0.0,0.8,0.2,0.9022684,55,"Thank you, Roger.  As Roger highlighted, we had another good quarter, and we expect the fourth quarter to be even stronger. With the current guidance, we expect that our sales for the year will be close to EUR 11 billion and that our profitability will improve over last year. Now we continue to see strong demand for our products in both logic and memory as witnessed by our strong order book. Logic customers continue to ramp the 10-nanometer node and are also starting to ramp 7-nanometer. As customers prepare the ramp of the 7-nanometer node, it's  it not only drives EUV demand but also drives significant demand of increase for EUV.  In DRAM, customers are continuing with technology migrations as well as adding wafer capacity additions to meet bit demand growth, evidenced by our strong third quarter order intake for memory. Now we believe that the limited number of wafer capacity additions by a limited number of customers combined with a healthy demand for DRAM bits should not lead to a structural overcapacity in this industry segment.  In NAND, significant 2D to 3D conversions have taken place next to investments in several greenfield fabs. This is likely creating a period of some digestion as we mentioned in prior quarters. With regards to China, we continue to see strong demand for a broad suite of our products. The China region has delivered around 20% of our sales this year, is on track to set another record revenue number. This is driven by both multinational customers as well as domestic China customers. And all 5 domestic customers that we discussed in prior quarters, at least  so far with capacity in place now and are looking to begin the ramping next year. We believe this region presents a significant growth opportunity under the assumption that these ramps of the domestic customers are successful and that more domestic customers will follow through with their investment plans.  On the ASML product side, let me start with an update on our EUV business.  In EUV, we continue to make good progress. We have multiple NXE:3400C systems at customer sites that are running at 125 wafers per hour or higher and are ready for high-volume manufacturing. Availability is progressing in support of customer volume ramp with a clear focus on machine consistency. The overall progress has led to the decision to accelerate our EUV road map. And we are, as a result of this, now planning the introduction of our next-generation 0.33 NA EUV system called the NXE:3400C in the second half of 2019. This system will deliver productivity of over 155 wafers per hour. But we will talk more about the performance specifications and the road map during our Investor Day next month.  As Roger mentioned, we continue to increase our shipments per quarter and plan to ship 6 systems in Q4, bringing the total to 18 systems in 2018. As we mentioned in earlier calls, this year our production output is heavily back-end loaded, which has led to some production output challenges, combined with customer fab readiness logistics. We now plan to ship a couple of systems originally planned in 2018 now in early 2019. Our shipment plan for 2019 remains at 30 systems as we now have an increased mix of the NXE:3400C systems in the second half of 2019, which will enable a significantly higher wafer output capability in the earlier specified 125 wafers per hour. With this higher productivity, we expect that we'll be able to meet our customers' current EUV capacity plans in 2019. And as Roger mentioned, we expect order flow to continue next quarter, expect to have our 2019 demand for EUV will be covered by orders by the end of the year.  In Deep UV, on the introduction of the NXT:2000 system into the market is making significant progress and will be used in volume manufacturing for both memory and logic. We're also seeing significant demand for our dry products in support of a number of greenfield fab ramps in China and other regions.  In our application business, we continue to see growth across our full portfolio of software and metrology products, notably related to the adoption of our  YieldStar 375 system expanding from logic and DRAM now also into 3D NAND manufacturing.  To summarize 2018, we expect the growth to continue from Q3 to Q4 to set us up for another record year in both sales and profitability.  Now regarding 2019, it's a bit too early to provide detailed guidance, but I will provide some qualitative comments regarding our initial views. We continue to see strong demand for our products in both memory and logic in support of our bookings, and DEEP UV demand continues to be healthy in memory, as discussed earlier. And we expect DEEP UV demand in logic to further strengthen in 2019, driven by the 10- and 7-nanometer ramps.  Furthermore, we expect continued growth for our applications business with the expansion of both metrology as well as software products. EUV demand continues to be driven by logic, but also with the clear opportunity in DRAM that we meet our availability and productivity targets.  EUV revenue growth is expected from both the significant increase in new shipments as well as a higher ASP of the NXE:3400C, which shipments are planned starting, as we said earlier, the second half of 2019. Furthermore, we expect customers to take advantage of system performance upgrades of their installed base to maximize capital efficiency. Our current view of the overall business next year remains positive. We expect the first half to be somewhat similar to the second half of this year, with business strengthening in the second half 2019. Our installed base will continue to grow, driving increased service revenue. Furthermore, we expect customers to take advantage of system performance upgrades of our installed base to maximize capital efficiency.  Now putting this all together, we expect another year with good growth opportunity. I think we're well on track to achieve our 2020 targets. We have a significant growth potential beyond 2020, and we plan to communicate the size and the extent of this growth opportunity through 2025 in our Investor Day, which we will hold on November 8 this year. And with that, we will be happy to take your questions.","JP Morgan. Peter, my question is, I mean, I'm trying to understand what you've been saying about 2019. Clearly, EUV is up to 30 tools is what you're guiding. Your metrology business is growing into next year. Your Installed Base Management business is growing into next year. So I don't think there are questions about that. So the question is about the DUV business. I mean, from what I'm hearing you're saying into  in response to earlier questions that you're looking for a flattish trend. And I mean that is dominated by the growth in logic and memory not that strong. But I mean, you still have a flattish trend in DUV next year. I mean, I think everybody's estimates for your  on revenue for ASML are wrong.",-0.0463217838582181,-0.14512724569286117
ASML,2019-01-23,0.2,0.06,0.74,0.14,0.8961881044000001,50,"No, I think DRAM is definitely an additional contributor. It will be small this year, as I said earlier. But they're going to be more  it's just more than one DRAM manufacturer we're going to ship the retool to. So that is very much a function of our ability to bring the 3400C up to maturity levels that customers need for DRAM. I think we can do that. I think the  everything that is  that we have in front of us, which is the availability improvements in the EUV source, the higher productivity, the 170 wafers per hour, those are all ingredients that make it attractive for DRAM customers to start using EUV in DRAM. So I think there is little doubt there. So it's up to us. It's up to us and to the customer to make sure that what is in the 3400C can actually be used in high-volume manufacturing. And then that will drive 2020 demand also. It's really the success of the introduction that will drive this additional demand.","Got it, okay. And I have a follow-up regarding the  just the big picture and how do you see the overall demand environment. If I were to strip away the EUV revenue, it seems like the core business could have a couple of quarters of sequential decline, which is typical of a downturn. If I were to look at the late '15, early '16, you had 3 quarters of sequential decline in revenues. And the prior downturns were also a multiquarter revenue decline. In that context, how do you see the current downturn compared to prior cycles? What is different now? And what are the things that are similar to the prior downturns?",0.04182086854863278,0.09295588122859247
ASML,2020-01-22,0.20454545454545456,0.0,0.7954545454545454,0.20454545454545456,0.9219176863636364,44,"Thank you, Roger. As Roger highlighted, we had a very strong quarter, resulting in another solid year of growth driven by Logic and EUV. We were able to achieve an 8% top line growth despite an overall industry decline of around 10% due to a weak Memory market. There's always a reflection of our Logic customers drive to continue to innovate and invest in technology for future nodes. For 2020, we currently expect a year of double-digit growth in both sales and profitability primarily driven by EUV and installed base business. Major innovation drivers such as artificial intelligence, 5G, high-performance compute, autonomous driving and big data are creating new end-user applications, and these applications require more high-performance Logic, fueling increased demand for leading-edge nodes. And this is evident in several customer announcements regarding ramp plans for the 7- and 5-nanometer nodes, which will drive another strong Logic year and an increased demand for EUV. In the Memory market, the customers have indicated they're seeing signs of demand recovery in some market channels, and improvements in Memory chip pricing also support this view. As customers have lowered litho tool utilization to reduce wafer output throughout the weak Memory demand period, they will first use this underutilization to return to normal supply levels, which will take some time. Subsequently, this will also trigger equipment demand, albeit a bit later than the supply/demand recovery for Memory devices. Taking the slope of the recovery of our litho equipment utilization as a proxy, it seems likely that we will see stronger litho equipment demand for Memory in the second half of the year. We expect significant growth in our installed base business, service business will continue to scale as our installed base grows, and we'll also see EUV contribute to service revenue as these systems start running wafers and volume manufacturing now. We expect significant demand for upgrades, particularly in EUV, as customers utilize upgrades as a quick way to increase capacity. In EUV, it was a breakthrough year, with the technology now starting in high-volume production and producing consumer products that are already available in the market. As we continue to execute on our accelerated EUV road map, we were able to ship our first NXE 3400C in 2019, which provides high productivity, translating to increased customer value, delivering higher ASPs and improved gross margins. We shipped 6 3400C systems in Q4 of the 8 EUV systems total we shipped in the quarter, bringing the total to 26 EUV systems and full year sales of around EUR 2.8 billion in 2019. Increasing customer confidence in the EUV is translating into more layers in Logic production as well as expanding to new markets with the adoption in Memory. For full year 2020, we plan for EUV sales of around EUR 4.5 billion on 35 systems. We continue to see demand building for next year's shipments and expect a healthy order flow to continue. In order to fulfill the expected strong demand increase, we're working on the cycle time reduction to enable a capacity of 45 to 50 systems next year. 2021 is shaping up to be a very busy year. Regarding our current outlook for the year, we expect 2020 to be another growth year as mentioned before. Although it's too early to provide quantitative expectations, let me make a few qualitative comments. Major innovation drivers and applications that require high-performance Logic are driving increased demand at the advanced nodes. Logic demand is currently strong, and we expect this demand to remain healthy primarily driven by EUV. And as previously communicated, we expect sales of EUR 4.5 billion on 35 systems this year, which translates to EUV sales growth of approximately 60%. Memory is showing early signs of recovery. And although there's still uncertainty around exact timing of the recovery, it is likely we will see stronger demand in the second half of the year. And taking this into account, we expect a stronger second half with strengthening sales throughout the year. Summary, 2019 was another great year, with continued positive momentum in EUV as well as short demand across our entire product portfolio. We expect another growth year supported by healthy Logic demand and likely recovery of the Memory market, with increased sales from our installed base business as well as demand for EUV. The positive industry momentum around innovation and expanding new markets further strengthens our confidence in 2021 outlook and our 2025 growth scenarios. With that, we'd be happy to take your questions.","David, I think the  if you look at Q1 and also if you look at Q4, you see that the momentum was already building up in Q4, where we were already slightly over EUR 900 million, EUR 950 million for the quarter. We expect that we will not be able to sustain it at this level for the entire year. I think a good way to go would be to say that we're probably going to see a 20% increase over last year annualized. So that would get you to approximately EUR 3.4 billion for the year. That's where we would see it for the for the full year.",-0.006514744303797551,-0.00037125738396622676
CSCO,2016-02-10,0.39473684210526316,0.0,0.6052631578947368,0.39473684210526316,0.9379739686842106,38," Kelly Kramer,  Cisco Systems, Inc. - CFO    [4]  Thanks, Chuck. I am pleased with our continued execution on our financial strategy of delivering profitable growth, managing our portfolio and strategic investments, and delivering shareholder value.  Starting with delivering profitable growth, total revenue was $11.8 billion, up 2% with product revenue growth of 2% led by growth in security, routing, and collaboration. In switching, as Chuck mentioned, we are driving the next-generation data center architectures and are very pleased with our ACI momentum. The 4% decline in switching was largely driven by macro weakness in our campus business something that we have observed in the past during volatile times as customers pause spending decisions.  We saw our routing business grow 5%, driven by double-digit growth in our CRS platforms with particular strength in mobility and web-scale service providers. Collaboration grew 3%, driven by a 17% growth in WebEx, partially offset by some slowdown in our unified communications business. Deferred revenues showed continued strength growing 15%.  Our data center decline of 3% was also driven by a slowdown in spend. In addition, we have tough comparisons from Q2 2015 when revenue grew 40%. UCS continues to be a strong franchise for us and is a foundational piece of our next-generation data center stack.  Wireless was flat as result of declines in our access [plane] controller business offset by strong growth in our cloud-based Meraki platform. SP video grew 37% larger driven by strength in China.  Security grew 11% with deferred revenue growth of 26%.  We had strong growth in our advanced threat security and web security solutions which grew over 180% and 40%, respectively. We added over 2,000 customers on our amp advanced malware solution bringing the total customer base to over 10,000. Services revenue grew 3%, and we continued to show very good progress against our goal of driving more recurring revenue.  Deferred revenue had a solid growth of 8% in total with product up 11% and service up 7%. The portion of our product-deferred revenue which is related to our recurring software and subscription businesses grew 34%. In total, product orders grew 2%.  Our book to bill was approximately 1.  Looking at our geographies, which is the primary way we run our business, Americas was flat.  EMEA declined 1%, and APJC grew 17%. Total emerging markets grew 7% with the BRICs plus Mexico showing strength at up 70%.  With China up 64%, and India up 23%. Total emerging minus the BRICM countries was down 3%.  In terms of customer segments, enterprise declined 2%, and commercial grew 4%  both of which were impacted by macro uncertainty. Public sector was flat, and service provider grew 5%. We drove strong profitability with discipline and rigor on gross margins and operating expense.  Non-GAAP gross margin was 64.2% with non-GAAP product gross margin of 63.3%, and non-GAAP service gross margin of 66.7%. Non-GAAP operating expenses were 33% of revenue, and non-GAAP operating margin expanded to 31.2%. We will remain disciplined with our operating expenses and portfolio management.  From a profitability perspective, we delivered non-GAAP EPS of $0.57, up 8% with $0.015 attributable to a lower non-GAAP tax rate resulting from the permanent reinstatement of the federal R&D tax credit. From a GAAP perspective, EPS was $0.62.   In addition to the typical reconciling items between GAAP and non-GAAP EPS, there were three material items to call out which we excluded from our non-GAAP results; The gain on the sale of the SP video CPE business, the impact of the settlement of federal tax audit, and prior-year fiscal-year impact of the reinstatement of the federal R&D tax credit. The total impact of these and other immaterial items was a benefit to GAAP EPS of $0.13. Q2 non-GAAP net income was $2.9 billion, up 8%.  GAAP net income was $3.1 billion.  Moving on to shareholder value. In Q2, we delivered operating cash flow of $3.9 billion, up 36%. Total cash, cash equivalents, and investments at the end of Q2 were $60.4 billion with $3.9 billion available in the US. In the first half of FY16, we have returned $4.6 billion, or 75% of our free cash flow to our shareholders, comprised of $2.5 billion of share repurchases and $2.1 billion of dividends.  Today, we announced a 24%, or $0.05 increase to the quarterly dividend to $0.26 per share. This represents a yield of approximately 4.6% based on today's closing price. We also announced a $15 billion increase to the authorization of the share repurchase program raising the remaining share repurchase authorization to approximately $16.9 billion. This significant dividend increase and additional share repurchase authorization reinforces our commitment to returning capital to our shareholders and our confidence in the strength and stability of our ongoing cash flows.  Overall, Q2 was a solid quarter in a volatile macro environment. We saw good top line growth, strong profitability, and operating leverage. We continue to shift our business model to more software and subscription recurring revenue.  Let me now reiterate the guidance we provided in the press release for the third quarter of FY16. This guidance includes the type of forward-looking information that Marilyn referred to earlier.  Q3 does include an extra week which occurs every five to six years for us. We have factored this extra week into our guidance for both revenue and expenses. Although it is difficult to forecast the impact of the extra week, we have assumed roughly a 2% year-over-year impact on total revenue growth along with approximately $40 million of incremental cost of sales and $110 million of operating expenses.  The guidance for Q3 is as follows. We expect revenue growth to be in the range of 1% to 4% year-over-year, normalized to exclude the SP video CPE business from Q3 FY15. We anticipate the non-GAAP gross margin rate to be in the range of 62.5% to 63.5%. The non-GAAP operating margin rate is expected to be in the range of 28.5% to 29.5%, and the non-GAAP tax provision rate is expected to be [22%].  Non-GAAP earnings per share is expected to range from $0.54 to $0.56. We anticipate our GAAP EPS to be lower than the non-GAAP EPS by $0.08 to $0.12. Further details to this range are included in the slides and press release that accompany this call.  I'll now turn it back over to Chuck to summarize the call."," Chuck Robbins,  Cisco Systems, Inc. - CEO    [3]  Pierre, thanks for the questions. Good to hear from you. On the macro front, I think the thing that I can tell you is that as we began last quarter, we certainly have a set of expectations as we have run our business for a long time and really know what to expect, and our expectations were obviously based on the discussions we had with all of you at the end of our first quarter. I would tell you that through the first 10 weeks of the quarter that was very much in line with what we expected. We were executing very much in line with how we would have expected the quarter to go.  Our week 10  just so you have the data point was the end of the calendar year.  So, while a number of companies have reported earlier this year, not many have actually had their quarter end in January.  So, we ended at the end of the third week of January which we all know those first three weeks were reflective of the uncertainty that occurred in a lot of the financial markets. What I will tell you is that after week 10 through those three weeks, we saw customers as they were trying to digest what was going on. They paused a bit, and you see customers say  I want to just wait and see what is going on.  Let me take a look at this.  We want to understand this a little better.  I think to Kelly's point when she talked about the switching business, the campus refresh opportunities that have been actually pretty consistent for us over the last few quarters, we saw customers say, hey, our infrastructure is working so we're going to hold on that for some period of time and let's see where things go.  That is probably the extent that I can add to what we all know from what we're seeing every day. What I would tell you  and I will ask Kelly to comment on our guidance  is I would say that we took that feeling of those first three weeks into consideration as we built our guidance.  And, that is what we based it on.  Is what the last three weeks of last quarter led us to relative to this level of uncertainty. Kelly, any comments?",0.0964015992892047,0.17414482452243438
CSCO,2016-08-17,0.3333333333333333,0.08333333333333333,0.5833333333333334,0.25,0.9505670241666666,36," Kelly Kramer,  Cisco Systems Inc - CFO    [15]  Yes, so I'll start, and Chuck, you can jump in. But to your first question, the portion of our business that is recurring revenue is up to 28%, and that compares to 25% in Q4 of 2015. So we made really solid progress this year.  In terms of the margins, this has been a huge focus for us all quarter long, and it is really great to see that we actually had our margins  gross margins and operating margins  up year over year for us this year. It's part of what we're driving in our shift to software. Those businesses have great margins, and it's part of the overall transition. In terms of, when do we change our model or our guidance, I think that will come over time as we make bigger shifts at the Company level. But that is our goal, as we shift to more software that have those nice, great margins."," Steve Milunovich,  UBS - Analyst    [24]  Thank you very much. Could you talk a bit more about the factors behind your first-quarter guidance? Revenue being flat is clearly below the recent growth rate, and the gross margin is also down a fair amount sequentially. So what do you attribute that to?",-0.007812467702228798,0.011067708693610304
CSCO,2016-11-16,0.325,0.125,0.55,0.2,0.9372067919999999,40," Chuck Robbins,  Cisco Systems, Inc. - CEO    [5]  Thanks, Kelly. I'm very pleased with the success of the investments we've made in priority growth areas such as security, collaboration and our ACI platform. These areas are key building blocks, along with our strong franchise and switching and routing, that place Cisco in a unique position with our customers as they become increasingly digital.  As you've seen with our Meraki platform, we've achieved rapid adoption of cloud managed networking, with enterprise security and policy delivered as a service. Over the next several years, we will bring this automation, management and security at scale to the balance of our switching and routing portfolio as we continue to offer new consumption models aligned to our customers' needs. While this is no small task, it's an incredible opportunity for Cisco as we bring this successful model to the largest part of our business.  As we make these investments we also remain firmly committed to operational discipline and driving long-term value for our customers and shareholders and I'm very optimistic about our future.  Marilyn, now I'll turn it back to you for questions."," Steve Milunovich,  UBS - Analyst    [34]  Thank you very much. Chuck, we just wrapped up our tech conference and we had a panel on folks who helped companies move to the cloud. The general consensus was that private cloud implementations generally are not working in many companies that begin on a private cloud path, end up going down a public cloud path. Obviously there's still a lot of legacy and so forth, but if in fact private cloud is not going to do very well, you and others are very focused on that business and the risk is that on-prem pie is declining. Are you seeing something different and do you believe the on-prem business will grow for Cisco?",-0.04814700665188472,-0.05891672473867597
CSCO,2017-05-17,0.325,0.2,0.475,0.125,0.9403251880000001,40,"Thanks, Kelly, and thanks again to all of you for joining us today.  As I mentioned earlier, we delivered another solid quarter, and we are executing well. We're confident in our strategy for long-term growth and profitability. We believe that the network will become increasingly important in solving our customers' most complex business problems and helping them get secure and stay secure.  We also believe that we will continue to see strong momentum in our shift towards more software and subscription revenue. This reflects the success of the investments we are making in this area  in these areas, together with the flexible consumption and buying models we're offering our customers.  Marilyn, and I'll turn it back to you for questions.","Sure. So Mark, when we look at guidance, it's a combination of many factors, right? It starts with our backlog and then orders on them, the funnel. And then yes, definitely, we take into account our transition to more software and subscriptions and how that's impacting it. So when I look at the guidance we just gave, our orders were a little weaker in Q3, which does mean that I'm starting with the lower backlog than anticipated. And then when I'm assuming, when I look at the order strength, we're assuming what we saw in Q3 continues on in Q4. So just to give some color around that. Where we had  we have been facing headwinds all quarter long with SP and emerging. We saw them get worse this quarter that you saw in the numbers there. I'm expecting that to continue. And then we saw some new kind of macro issues in the areas like Public Sector and the U.S. Fed space and things like that. So I'm assuming that orders in line that we saw in Q3 is going to continue on in Q4. And then finally, we are seeing an impact because you're seeing it go to the balance sheet of this transition that we are just accelerating through to the tune of 1.5 to 2 points. So the combination of those 3 things are driving the guidance into that minus-4 to minus-6 range.",-0.07214668835008867,-0.06889414547604973
CSCO,2019-02-13,0.4,0.025,0.575,0.375,0.908614393,40,"Thanks, Chuck. I'll start with a summary of our financial results for the quarter, followed by the guidance for Q3.  Q2 was a solid quarter across the business. We executed well with strong orders, revenue growth, margins, EPS and operating cash flow. We had continued momentum in product orders, which grew 8%. Total revenue was $12.4 billion, up 7%. Our non-GAAP operating margin rate was 32.1%. Non-GAAP net income was $3.3 billion, up 6%. And non-GAAP EPS was $0.73, up 16%. Let me provide some more detail on our Q2 revenue. Total product revenue was up 9% to $9.3 billion. Infrastructure Platforms grew 6%. Switching had another great quarter with double-digit growth in the campus, driven by the continued ramp of the Cat 9K. Wireless also had double-digit growth with the strength of our Wave 2 offerings and Meraki. Routing declined due to weakness in service provider. We also saw a decline in Data Center servers, partially offset by strength in hyperconverged. Applications was up 24% with growth across all the businesses. We saw strong growth in Unified Communications, TelePresence and AppDynamics. Security was up 18% with strong performance in identity and access, advanced threat and unified threat. Service revenue was up 1%, driven by Software and Solution Support.  We continue to transform the business, delivering more software offerings and driving more subscriptions. Software subscriptions were 65% of total software revenue, up 10 points year-over-year. When we look at the impact of acquisitions on our Q2 results year-over-year, there was 140 basis point positive impact on revenue. We saw strong momentum in Q2 with total products orders growing 8%. Looking at the geographies. Americas grew 7%, EMEA was up 11% and APJC was up 6%. Total emerging markets was up 6%, with the BRICS plus Mexico up 2%. In our customer segments, enterprise was up 11%, commercial grew 7%, public sector was up 18% and service provider was down 1%. From a non-GAAP profitability perspective, total Q2 gross margin was 64.1%. In terms of the bottom line from a GAAP perspective, Q2 net income was $2.8 billion and EPS was $0.63. We ended Q2 with total cash, cash equivalents and investments of $40.4 billion. Q2 operating cash flow was $3.8 billion, down 7%. We paid $750 million for the first transition tax payment related to the Tax Cuts and Jobs Act. Normalized for that tax payment, operating cash flow was up 12%. From a capital allocation perspective, we returned $6.5 billion to shareholders during the quarter that was comprised of $5 billion of share repurchases and $1.5 billion for our quarterly dividend. Today, we also announced a $0.02 increase to the quarterly dividend to $0.35 per share, up 6% year-over-year. This represents a yield of approximately 3% based on today's closing price. We also announced a $15 billion increase to the authorization of the share repurchase program. This raises the remaining share repurchase authorization to approximately $24 billion. This dividend increase and additional share repurchase authorization reinforces our commitment to returning capital to our shareholders and our confidence in the strength and stability of our ongoing cash flows. We continue to invest organically and inorganically in our innovation pipeline. During the quarter, we announced the acquisition of Luxtera, a company focused on silicon photonics, which closed on February 6. To summarize, we had a great Q2. We executed well, with strong top line growth and profitability. We're seeing the returns on the investments we're making in innovation and driving the shift to more software and subscriptions, driving long-term growth and shareholder value. Let me reiterate our guidance for the third quarter of fiscal '19. This guidance includes the type of forward-looking information that Marilyn referred to earlier. Note again that we have normalized our third quarter guidance to exclude the SPVSS business for Q3 of fiscal '18, which we divested on October 28, 2018. We have provided historical financial information for the SPVSS business in the slides that accompany this call. We expect revenue growth in the range of 4% to 6% year-over-year. We anticipate the non-GAAP gross margin rate to be in the range of 64% to 65%. The non-GAAP operating margin rate is expected to be in the range of 31% to 32%, and the non-GAAP tax provision rate is expected to be 19%. Non-GAAP earnings per share is expected to range from $0.76 to $0.78. I'll now turn it back to Marilyn so we can move to Q&A.","I have 2 questions  or 1 question, 1 follow-up. The first one is just about cloud spending. We hear a lot about weakness in spending. On one hand, you're not very, very exposed. You're exposed in certain areas; and other areas, not. On the other hand, it's a big growth opportunity for you. Can you discuss your participation in cloud and your comments on any weakness in cloud spending? And then I have a follow-up on the Chinese vendors.",0.0189474105263158,0.040210526315789405
CSCO,2019-05-15,0.46236559139784944,0.03225806451612903,0.5053763440860215,0.43010752688172044,0.9219189386021506,93,"Let me provide some more detail on our Q3 revenue. Total product revenue was up 7% to $9.7 billion. Infrastructure Platforms grew 5% with solid growth across all businesses. Switching had another good quarter with growth driven by the continued ramp of the Cat 9K and strength in our ACI portfolio. Routing grew, driven by SD-WAN. We saw solid growth in Wireless driven by growth across the entire portfolio. And Data Center was up with growth in both HyperFlex and servers. Applications was up 9% with growth across all the businesses. We saw solid growth in Unified Communications software, TelePresence and AppDynamics. Security was up 21% with strong performance in identity and access, advanced threat and unified threat. We're very pleased also with integration of Duo into the Security portfolio. Service revenue was up 3% driven by software and solutions support.","Yes. I think the only area where we saw a real shift was in Service Provider. And across the rest of the business, we watch the same TV shows you guys watch. We see the same stress around the world. We see the same risks.",0.06655227052921948,0.06197559233363067
GOOGL,2016-04-21,0.4857142857142857,0.05714285714285714,0.45714285714285713,0.42857142857142855,0.9451670905714287,35,"And then on query growth, we don't really talk about query growth, as Sundar said, focused on answers, there are a lot of new ways to search on mobile, voice, et cetera. So let me actually try to add a little more on Cloud. We've consistently said it's early days. You asked about ROIC. We're really excited about the magnitude of the opportunity, as Sundar has talked about. And one thing that's really powerful here is we're benefiting from our heritage, from our differentiated strength, the scale of our infrastructure. Those are investments we've made over many years that give us extraordinary efficiency. We have robust security. Again, we've invested over many years. We have unparalleled machine learning. And so, really, when we think through to the ROIC opportunity compelling, building on investments that we've made and continue to make in a very exciting opportunity.","Thanks for taking the question. Two things. First, Sundar, I was hoping you could comment more on mobile search pricing. In particular, it gets a little bit lost just within overall pricing per click, especially with YouTube in there. So, I was hoping you could comment on pricing on more of a like-for-like basis. And as inventory perhaps stabilizes some, would you expect pricing here to increase over time as conversion improves? And then, secondly, Ruth, if you could just comment a little bit more on other income and just help us understand some of the details there on the negative number in that line. Thanks.",-0.05414099999999994,-0.0960769256410257
GOOGL,2016-07-28,0.5625,0.0,0.4375,0.5625,0.977817780625,32," Sundar Pichai,  Alphabet Inc. - CEO    [4]  Thanks, Ruth. As you heard, we had a very strong second quarter. There is an amazing energy right now with Google. The strength of the quarter is about mobile. It's transformed the way that people consume information, and Google's products have become essential and much-loved part of their experience. Our investment in mobile now underlines everything that we do today, from search and YouTube to Android and advertising. Mobile is the engine that drives a person. And now through our deep investments in machine learning and AI, we are building the engine that will drive our future. Since the last earnings call, we had Google IO, our biggest event of the year, and I also wrote our annual founder's letter. Both of these allowed me to reflect on our past and look to our future. We are at a pivotal and transformational moment. Thanks to advancements in machine learning, we have the unique opportunity to take a big step forward for the next 10 years. In the letter, I wrote about how we think of our investments and our mission. Today, I'll walk through the six sections of the founder's letter and discuss our progress in each area, and then I'll call out three key highlights from the quarter that are driving our advertising business today and into the future. The first thing I highlighted in the founder's letter was information. At Google's core, we remain focused on making information and knowledge available for everyone. This, of course, starts with search where we now have trillions of searches every year. We continue to invest in making search smarter and more useful. In the US, we recently introduced a voter tool so when you search for register to vote, you'll get a detailed state-by-state guide with information on how to register, requirements, and deadlines. Our new keyboard for iOS called Gboard is off to a great start. People love the ability to easily search right from the keyboard, swipe to type, and quickly send emojis. After just one year Google Photos is now helping over 200 million people every month organize and search their photos and memories. At IO, I was excited to share our vision around the Google Assistant. We want to help people get things done in a conversational way across devices and context. This is possible thanks to advances in machine learning, voice and image recognition, and natural language processing, which we have invested in for years. You will be able to experience the Google Assistant in products like our new messaging app, Allo, and our voice-activated device Google Home. And we can't wait to show you what else we are working on in this area. Second, machine learning. As I said, machine learning is the engine that will drive our future, and it's already making our products better and helping users every day. In fact, more than 100 teams are currently using machine learning at Google, from Street View to Gmail to voice search and more. For example, in search, we use a ranking signal called RankBrain, which relies on deep learning to improve results. It's already enhancing the search experience in 40 languages, and based on user testing, RankBrain can accurately guess which results users will favor with about 80% accuracy. Advances like this help us make our search results even more relevant. Machine learning is also creating an impact in other ways. Just last week, we announced a test that applied DeepMind's machine learning to our own Google data centers, resulting in up to a 40% reduction in the energy we use for [cooling] This will greatly improve efficiency, and when we publish our research, we hope it will enable others to reduce emissions, too. Third, content. A big part of making information available is making great content accessible, such as on Google Play, YouTube, and the web. Our efforts to make the mobile web better for everyone with accelerated mobile pages, or AMP, has seen phenomenal global momentum. We now have over 150 million AMP pages in our index, and with over 4 million new ones published every week from nearly 200 countries. Last week, we announced AMP for Ads, which helps advertisers build fast, simple, and beautiful ads and landing pages. This will help make the mobile web experience much faster for everyone and help fund it more sustainably. Video is a huge component of digital content and YouTube continues to shine. It's a thriving home for creators, with more than 1,000 creators crossing the thousand subscribers' mark every single day. Our content ID system has now paid out over $2 billion to partners who use the system. A big part of video, of course, is live, which we have invested in since 2011. YouTube is the first major platform that supports live content in 360 degrees, and we recently announced the ability for creators to go live from their phones with a touch of a button. Earlier in the quarter, we teamed up with BT to live stream the Champions League on Europa League finals on YouTube in the UK. This special event was the UK's biggest ever live stream. All these innovations had a big reason why partner revenue has averaged 50% growth over the last three years. Fourth, platforms. A key focus is building great computing promise like Chrome, Android, and our new virtual-reality platform Daydream, so that people can have wonderful experiences regardless of the device or screen they are using. Platforms are what make new computing experiences possible, and also power breakout hits like Pokemon Go, which I suspect a few of you are playing right now. Android is thriving. In the last year alone, we have delivered over 65 billion app installs and are helping developers reach an audience of over 1 billion users every single month. Our partners are also seeing incredible success with flagship devices like the Samsung Galaxy S7. It's a hit with consumers and a shining example of how to build a great experience on Android. Our latest version of Android, called Nougat, focuses on performance, productivity, and security, and it also has a VR mode built in to help developers create immersive smartphone VR experiences. Speaking of VR, we are already working with leading Android partners to build out the Daydream ecosystem, so stay tuned for more Daydream-ready phones, controllers, and headsets coming this fall. Fifth, the cloud. Many tremendous digital experiences are being built in the cloud today, and businesses are working to take advantage of the cloud as part of their digital transformation. We have been integrating our cloud and app start-ups to create more unified solutions for companies large and small, and these efforts are paying off. We have strong momentum with businesses like Symphony, a secure communication and work-flow platform who recently announced that its cloud computing business is available on the Google cloud platform. We provide the high reliability and performance needed by Symphony's customers in the financial services industry. Our data analytics product, BigQuery, helps mobile gaming company, Kabam, store and understand player actions within their games, from monetization and fraud to production bugs and level completion statistics. As I've said, machine learning has been a major focus and a key differentiator for Google, and that's true for our Google cloud customers as well. This quarter, we introduced tensor processing units, or TPUs, which can deliver an order of magnitude better-optimized performance per watt for machine-learning projects. Google DeepMind's AlphaGo was powered by TPUs, enabling it to process faster and look farther ahead between moves. We are now passing this benefit on to our enterprise customers to supercharge their machine-learning applications. Just last week we introduced two cloud machine-learning APIs for speech and natural language to help our enterprise customers convert audio to text and easily understand the structure and sentiment of the text in a variety of languages. We also introduced a new undersea cable system, the highest capacity system ever built, which brings added capacity and performance to support our enterprise customers around the globe. This system has 60 terabytes per second of total capacity, more than any active undersea cable, and is 10 million times faster than your cable modem. This is especially exciting as we prepare to launch a new Google cloud platform East Asia region in Tokyo later this year. In addition to building the best products and infrastructure, we are also hard at work building the best team to serve every aspect of our customers' businesses. We now have key leadership in place and centralized teams supporting customer-facing activities including, sales, marketing, global alliances, industry solutions, and professional services. We are building out our supported full-scale, as more and more Fortune 100 companies choose our cloud. Sixth, building for everyone. Since the internet is one of the world's most powerful equalizers, we are committed to building technology and making information available for everyone, wherever they are. This has always been core to Google's DNA. As we have shared before, we are working with Indian railways and RailTel to bring high-speed wireless access to the entire internet to millions of people who travel throughout India's stop railway stations. There are already 2 million people logging in every month, and they are using as much as 15 times the data they would otherwise use in a full day on their cellular networks. We are also working hard to ensure that our products work well for everyone, regardless of where they live. We have been expanding better carrier billing in Google Play, with more than 100 partners in 40 countries. To give you a sense of the impact, in Indonesia alone, we have seen growth in monthly buyers quadruple in the last 18 months. Switching gears from these six areas, it is our business success that enables us and our partners to grow and invest further. We are extraordinarily well positioned to take advantage of the mobile shift, and we are already seen strong growth in three key areas of our advertising business: mobile search, video, and programmatic. All of the momentum you're seeing is because our products are doing well in mobile and our customers are getting great results from them. We offer advertisers and agencies the best ways to reach customers at the right moment of intent, the best reach in inventory, the best mobile formats, and the leading measurement solutions. Of course, we do all of this while making sure we are creating a great [ads] experience for users that is helpful and unobtrusive. We know that people are constantly searching for things with commercial intent and are used to swiping and tapping. Our data shows that people respond really well to the ads we show. They are fresh, fast, and useful. So let me turn to three key moments from the quarter for our advertising business. Number one, our Google Performance Summit for direct response marketers. We announced new expanded text ads and bit adjustments by device type, which are rolling out this week, as well as new local search ads in Google Maps. Thanks to the rise in mobile phones, the line between online and offline experiences continues to blur. This creates even greater opportunity for businesses to use Google Maps to help bring customers into their physical store locations. Thanks to our strong intent signals, particularly on mobile, Google continues to offer great opportunities for direct response marketers to reach potential customers, whether they are visiting your website, calling your business, walking into your store, or downloading your app. For instance, Walgreen's partnered closely with Google to promote their app across search, Google Play and our display networks. In one month, they increased the number of app downloads 87% from the previous month. Number two, our annual Brandcast event for brand advertisers was a huge success. We announced Breakout Videos, the ability to advertise against fast-rising videos on YouTube; as well as a deal with the NBA to bring their inventory to Google Preferred. As this point, the volume of Google Preferred bought this year is already more than double what it was at the same time last year. Fast-food chain Wendy's used Google Preferred to extend the reach of their TV ads, and thanks to our Brand Lift measurement solution, they were able to see that one of their campaigns drove an incredible 65% lift in ad recall and 146% lift in Google searches for the Wendy's brand. We are hearing a lot of the same feedback from many top brands who continue to invest more and more of their budgets on YouTube. And number three our DoubleClick Leadership Summit held just last week for ad technology partners. We launched the ability to buy native ads programmatically across all screens in DoubleClick Bid Manager. [Since we're] providing fully designed creatives for each publisher, advertisers can simply upload the components of the ad, like headline, image and text, and double-click automatically a simples stamp to fit the context and format of the site or app where they appear. Making native advertising simple at this scale will help to make ads faster, better, and less intrusive while driving great returns for publishers. So there's my top three moments from my advertising business this quarter. As you can see, it has been extremely busy. More generally, from advertising to cloud to digital content to hardware and to so much more, we have tremendous long-term growth opportunities at Google. Today's great innovations are being driven by our investments in mobile; tomorrow's will be driven from our investments in machine learning and new computing platforms. But one thing is constant; we'll continue to focus on building the best experiences for billions of people around the world. I want to thank all of the Googlers around the world who help us create these opportunities every day and help them bring to life for our users and partners. With that, I'll turn it back over to Ruth."," Carlos Kirjner,  Bernstein - Analyst    [2]  Thank you. I have two questions. First, is about Search revenues. Search is probably a $50-billion business, and from today's results, it's clearly still growing strongly. Of course, if the business gets larger, it becomes harder and harder to sustain growth. As you look at this increasing growth challenge on your product innovations in Search, including recent changes and also those that you have in your road map for the next few years, how do you think about your ability to sustain such revenue growth and the trajectory for which they will ultimately accelerate? The second questions is on Google Fiber. I think Ruth has been quite clear that we should expect an increasing Other Bets CapEx, and that Fiber is the main driver, suggesting more investment. Yet when we see the rate at which you have deployed in markets like Austin or some of the newer markets, they are quite slow. You also have started to talk about wireless technologies, suggesting that you haven't fully figured this out yet, which in turn suggests that it's going to be slow to [climb]. So the question is, which one is it? Is it faster, more aggressive deployment given the CapEx commentary or is it going to be continued slow, multi-year deployment as your track record and the talk of new technologies suggest? Thank you.",0.033296770997841826,0.04101375207958416
GOOGL,2016-10-27,0.5625,0.0,0.4375,0.5625,0.979852055,32," Sundar Pichai,  Alphabet Inc. - CEO - Google Inc.    [4]   Thanks, Ruth.  I don't think I can remember a busier time in Google's history in the past few months. We introduced the world to the Google Assistant, powered by our state-of-the-art machine learning technology.  We unveiled a beautiful line-up of new hardware devices, including Google Home and the Pixel Phone, which is getting great reviews. We launched a new messaging app, Allo, and a new video chat app, Duo. It's been an incredible quarter.  Through it all, we are laser focused on the priorities I outlined earlier this year, and in the next few minutes, I will quickly go through our progress this past quarter. We feel well-positioned as we transition to a new era of computing. This new era is one in which people will experience computing more naturally and seamlessly, in the context of their lives, powered by intelligent assistants and the Cloud. This transition is as significant as the move over the last decade from desktops to mobile devices.  As we have rolled out products like the Google Assistant, Pixel, Google Home, and Allo, we have gotten a glimpse of that  future. And with our growing crowd business, we are helping our enterprise customers take advantage of this new era of computing, as well.  Today, I want to walk through our progress across Google's key focus areas, and the success of our growing advertising business. First, making knowledge and information accessible to everyone. We have long aimed to help people find the information that they want, right when they need it, and sometimes even before they think to ask for it.  We reached an important milestone in the journey this quarter, with the launch of the Google Assistant, which allows you to type or talk with Google in a natural conversational way, to help you get things done, regardless of the device you are using. We first introduced it in our smart messaging app, Allo, which lets you chat with the Assistant. You can even add it to a group  conversation to help you and your friends decide where to go for dinner.  Early adoption of Allo and Duo has been great, and has exceeded our expectations. And the Assistant is core to the Pixel phone and Google Home. With Google Home, you can ask the Assistant to cast the salt your living room speaker, or turn on the lights in your kitchen.  And with Pixel, by simply  holding the Home button, you can ask the Assistant to send a text to your mom, or pull up pictures of your cat in Google Photos. I hope you all get to try them out soon. The Assistant is simple, easy to use, and it is just the beginning. It's going to get so much better.  We are excited to bring new features to you across more of your contacts, soon. The Assistant is all possible thanks to our years of investments in computer science and machine learning. Our knowledge graph now understands over 70 billion facts about people, places, and things in the real world. And just last month, we announced our latest research on neural nets, which has given us a huge leap in translation quality. This breakthrough will help us provide even more accurate translations for people around the world.  And before I finish talking about access to information, I want to highlight the important work that our teams are doing to help American voters stay informed about the upcoming election. We've launched improved search tools to help voters get registered, find key deadlines, and learn how to vote early or by mail. We have launched these in both English and Spanish. I don't speak Spanish, but I check Google Translate, and I want to remind everyone, No Se Olvida de Votar.  Second, moving to our efforts to bring more content to more places, key to making information accessible is helping people find more great content across platforms like the web, YouTube, and  Google Play. Just recently, one of our key efforts to make the mobile Web faster, The Open Source Project AMP celebrated its first birthday. It's being embraced by a very broad range of publishers and sites around the world, covering more than 700,000 domains.  One example. Tens of millions of WordPress sites now have AMP pages with page load speeds up to 90% faster than normal in some cases. We are also working on an initiative called AMP for Ads,   a new approach to creating and serving ads, with speed at the heart of experience.  On YouTube, we continue to invest in bringing engaging content to the platform. We worked with many news organizations to live stream all three US presidential debates, and we saw record-breaking interest from the YouTube community. In fact, the three debates rank as the three most viewed political live streams of all time on YouTube, with over 8.5 million hours watched live, a 5X increase from the 2012 debates.  Elections-related searches on YouTube are also at an all-time high, with searches for US election content up almost 550%, compared to this time in the last election. And YouTube originals like the recently released Single by 30 remain incredibly popular, and continue to drive subscriptions for YouTube brand. And in Google Play, earlier this summer, we introduced Family Library, a way for up to six family members to share app, game, movie, TV show, or book purchases.  Third, powerful computing platforms and hardware. We have long been committed to building powerful computing platforms like Android, Chrome, and Daydream in VR, so that people can have great experiences, regardless of their device. Taking a step back, we've always believed that the open, horizontal, free platform like Android breeds more innovation, more options for users, and better business models for partners.  We open source our code. We build the most open APIs possible, and we work to create a sustainable open ecosystem. With over 4,000 distinct Android devices, we are really proud of how so many partners are having success on the platform.  This quarter, we began rolling out our newest update on Android, called  Nougat, and shared that we're bringing Android apps to Chromebooks. We can't wait to see all of the incredible experiences that developers will build on Daydream, our newest platform for high-quality virtual reality experiences via smartphones. We also think there's an opportunity for us to more deeply integrate software and hardware together, to deliver great experiences that we hope will also contribute to future innovation and development of the ecosystem.  Earlier this month, we launched a family of hardware products made by Google, which in addition to the Google Pixel and Google home include the Daydream View headset and controller, our premium TV streaming device,  Chromecast Ultra, and the new connected wi-fi system called Google Wifi. This portfolio of products is an example of how we can marry the best of hardware and software to deliver the best Google experience to people.  Fourth, our increasing momentum in Cloud. As we focus our efforts in the Cloud, we continue to see strong customer engagement. Last month, at the Horizon event, we introduced a new business unit, Google Cloud. Our unique and broad portfolio of products and services, that let our customers operate easily in a digital world, with the performance they demand.  Google Cloud includes Google Cloud Platform, our user-facing collaboration and productivity applications, now called G Suite, all of our data analytics and machine learning tools and APIs, and the enterprise-ready Android phones tablets and Chromebooks that access the Cloud. Our Cloud team has also been busy delivering new capabilities for our customers.  We announced plans to expand to eight new Cloud regions in 2017, from Mumbai, to Singapore, to Sao Paulo, to Frankfurt with more to come. We announced an enhanced media conference experience in Google Hangouts, with an updated user interface, instant screen sharing, support for 50 participants and a seamless integration into Calendar.  We have been using the same technology to power meetings at Google, and were so excited to share the improved experience with our customers. We also significantly upgraded Google BigQuery, our fully-managed data analytics warehouse, and make Google Cloud Machine Learning available in beta to help businesses easily train quality machine learning models.  In addition to building the best products and infrastructure we're partnering with great companies.  This quarter, we forged new partnerships with Opta, Box, and Accenture.  Our investments in machine learning continue to be a very clear advantage for Google Cloud, and we're helping customers apply ML in very concrete ways.  For example, Ocado, the world's largest online-only grocery retailer, is using machine learning to categorize and  prioritize customer emails, which will help their support center respond to customers faster.  As we officially move into the Google Cloud era, our goal remains the same. We want to build and most open Cloud for all businesses, and make it easy for them to build and run great software. The team is firing on all cylinders to create the best Cloud products in the industry for our customers.  Now moving on to our growing advertising business, which is thriving in a mobile world. Our proposition to marketers on mobile is simple and is resonating.  Our mobile properties like Search, YouTube, Maps and Google Play are where  people turn when they are actively interested in something. They're using our services because they want to actively watch something they're passionate about, or because they want to know, go, do, or buy something. They're super attentive and engaged.  It's just like people used to be glued to their TV screen during prime time. Our services are prime time for the mobile world. This matters for marketers, because those primetime moments, when people are actively interested and attentive, are the perfect time for a brand to place their ads.  For instance, hotel chain, La Quinta, now sees a third of their website traffic coming from mobile, and they use their hotel ads to help them reach travelers right when they're looking for hotel stays. They have found conversion rates to be twice as high with hotel ads, compared to regular mobile traffic, which is helping them capitalize on those prime time moments when travelers are on their phones and ready to book.  In video, YouTube continues to shine. More than 1 billion monthly users are watching hundreds of millions of hours every single day. YouTube has become the platform of choice for major brands, with a highly engaged audience, the best formats, and industry-leading measurement tools.  Recent research found that nearly half of US adults between the ages of 18 and 54 say that at least once a month, YouTube helps them when making a decision about buying something. One format that's been working really well for ad prices are bumper ads, which are stackable 6-second videos that help brands drive incremental reach and frequency. Brands like Universal Pictures have been pairing these shorter videos with their standard length ads on YouTube, and they're seeing great results, especially on mobile.  We also recently announced expanded capabilities to show marketers how TV and YouTube campaigns increase Google and YouTube searches for their brand. From early tests,  we have seen that YouTube generates almost twice as many searches per impression than TV generates. In fact, across our advertising business, measurement is a critical investment. We want to give marketers the best tools out there to close the loop, between television and digital, online and off-line.  For example, global retailer IKEA, with their agency iProspect UK, used our store visits measurement tools to see how effective their digital marketing campaigns were at bringing shoppers into their stores. By incorporating store visit data, they realized that more than 10% of the people who clicked on their search ads went on to visit a physical store, and that their ROI from online ads was actually five times higher than they had previously estimated.  We introduced even more measurement solutions at this year's Advertising Week in New York, helping marketers close the loop with new tools like location extensions and store visit measurements for the Google Display Network. We have thousands of great partners who are getting terrific results from our products.  I'm really pleased with how our business teams are working closer than ever with our advertising partners, agencies, marketers, and publishers. We can't succeed unless they do, and we have made a huge push to develop deeper partnerships, and long-term win-win relationships. It's a big focus for us.  To wrap up, its been an incredibly exciting few months, and a very successful quarter. We feel extremely confident as we move into a new era of computing, and are thrilled to be working with our partners as we embark on the journey together.  I want to thank all of the Googlers around the world, who work tirelessly to turn ideas into reality for our users and partners. It's an honor to work alongside you every day. With that, I'll turn it back over to Ruth."," Ruth Porat,  Alphabet Inc. - CFO    [12]  And then in terms of the margin trends, so overall operating margins year on year are up modestly on both the GAAP  and non-GAAP basis, and that primarily reflects trends in Other Bets. I think your question was probably more within  Google, the operating margin on a non-GAAP basis is down modestly year on year, that's primarily to other cost of sales, as distinct from TAC. The Google GAAP operating margins year on year and quarter on quarter do reflect the impact of the equity refresh that we called out last quarter, that I talked about.  I think one of the core things to your question is just as how we are looking at it, and our view continues to be that given the breadth of opportunities, and our commitment to long-term revenue growth, as we have talked about quarter after quarter, we do remain committed to investing in this growing set of opportunities, and we spend a lot of time trying to manage that revenue growth, and as I've said, manage expense growth with this  the utmost respect for the resources deployed, and getting the best return on those resources.  So there are number of different factors in here.  I think I mentioned one of the things as you're looking forward was the sales and marketing. And just to make another point, which I said in my opening comments, we do expect ongoing gross margin pressure from higher TAC in association with mobile search and with programmatic. That does still result in more revenue and gross profit dollars, but at a lower margin, and that's the other really important point, our starting point. We are continuing to invest, and we will point you to the revenue and gross profit dollars that come from that.",0.0027038870311289773,-0.04301703680480676
GOOGL,2018-10-25,0.5454545454545454,0.030303030303030304,0.42424242424242425,0.5151515151515151,0.96863615,33,"Look, I mean, I think on the first thing on e-commerce, maybe  really, people  we do see a lot of activity in the vertical on our products, and we see strong growth there as well. We see it as an important use case and that's why we are investing a lot. If you look at our recent work with Shopping Actions, that's an example of the kind of work we are doing there. And when we do those things, we clearly see users respond. Like, for example, on Shopping Actions, I think we just recently had partnerships with Best Buy and Nike and Sephora, I mentioned it earlier. So we are continuing to invest there, and we are also driving strong partnerships with the retail sector, both in terms of our shopping experiences as well as through Cloud. And I think that continues to be a big opportunity. And on your broader question, look, the reason we are investing across Google and Alphabet in a set of areas is because, as a company, over the past 20 years, we have developed deep capabilities in technology, in computer science and especially with machine learning and AI. And we see an opportunity to apply that across a set of important areas. There are a lot of opportunities ahead of us. We are pretty disciplined about where we're focused on. And we are focused on real large opportunities. And when we mention areas like YouTube and Waymo and Cloud and hardware, they all fit that category. But we take a very long-term view. And we want to invest to get the user experience right. And we are pretty confident that when we do that, the value will follow.","Okay, we look forward to that. Real quick just on EMEA, you were flat on your constant currency growth, 19%, 19% the last 2 quarters despite with GDPR. So I believe that would suggest that you're probably not seeing as big a headwind, perhaps, as maybe some expected. Could you just talk to the European business and what you're seeing there?",-0.01797766073563594,-0.015957000826881326
GOOGL,2019-07-25,0.5161290322580645,0.0,0.4838709677419355,0.5161290322580645,0.9487577490322581,31,"Yes. So it does include the entire business that Thomas Kurian is leading, our Cloud business that includes both GCP and G Suite. And it is on an apples-to-apples basis. It continues to be the business, the Cloud business. We're not breaking out the components of Cloud. As I tried to indicate in opening comments, pleased with the performance of both GCP and G Suite.  Growth in GCP was led by strong customer demand for our compute and data analytics products, and G Suite continues to deliver strong growth, as I noted in the opening comments with results benefiting from both new pricing and seat growth. And overall, GCP remains one of the fastest-growing businesses in Alphabet, and we're really pleased with how the team is executing on both.","On the regulatory question, we understand that there will be scrutiny. We are  we will engage constructively. It's not new to us. We have participated in these processes before. Today, we do operate under a lot of regulation, be it on privacy, be it on competition, be it on copyright, intellectual property, et cetera. And even in the U.S., we have engaged in the process before. To the extent we have to answer questions, we will do so constructively. And to the extent there are concerns, we'll address them as well. But I think for me, it's important that we stay focused on building helpful products to users and that's the value we ultimately provide our users. And I think that's what we'll stay focused on as a company.",0.09620229561062674,0.06676417058919132
INTC,2017-04-27,0.5277777777777778,0.1111111111111111,0.3611111111111111,0.4166666666666667,0.8946775672222222,36,"Thanks, Brian. 2016 was a record year for Intel, and 2017 is off to a strong start. We executed on several important milestones in the quarter. We delivered on innovative product and technology road maps across the business. Fab 68 in Dalian continued its impressive ramp. And Intel's transformation continued with the planned acquisition of Mobileye for autonomous driving and the sale of the Intel Security Group. Revenue was $14.8 billion, up 7% year-over-year. Operating income was $3.9 billion, up 20% year-over-year. And earnings per share of $0.66 was up 22% year-over-year. Our EPS performance was a result of strong top line growth and significant margin expansion. First quarter operating margin was 27%, up 3 points year-over-year, and gross margin came in at 63%, up 0.5 point year-over-year. Direct spending came in at $5.4 billion, flat year-over-year and down 2 points as a percent of revenue from 2016 as we continued to execute on our restructuring program. Let me touch briefly on our segment performance. The Client Computing Group had revenue of $8 billion, up 6% year-over-year. We continue to see the worldwide PC supply chain operate at healthy levels. Client ASPs were up 7% year-over-year as our segmentation strategies are paying off and core mix continues to be strong. This segment had yet another quarter of significant profit growth with operating profit growing over 60% from a year ago as the business continues to execute and benefit from continued improvements in 14-nanometer unit cost, richer product mix and lower spending, primarily from the client business having a decreased share of technology development and SG&A allocations. The Data Center Group had revenue of $4.2 billion, up 6% year-over-year. The Data Center Group had operating profit of $1.5 billion, down 16% year-over-year. Operating margin percent was impacted by increased allocation of technology development and SG&A cost, higher product cost as we transitioned to 14-nanometer and the ramp of adjacency products. Our Internet of Things business achieved revenue of $721 million, growing 11% year-over-year, driven by strength in the industrial and video segments and continued momentum in our automotive business. Operating profit for the business was $105 million, down 15% year-over-year from increased investments in autonomous driving and increased allocation of SG&A and technology development spending. Our memory business had record revenue of $866 million, up 55% year-over-year, with strong demand for data center SSD solutions and demand signals outpacing supply. We continue to make outstanding progress ramping Fab 68 with yields and unit costs well ahead of expectations. This segment had an operating loss of $129 million largely driven by costs related with 3D XPoint and start-up costs for our memory capacity. The Programmable Solutions Group had revenue of $425 million. Operating profit was $92 million, flat year-over-year after adjusting for acquisition-related impacts. Our Intel Security Group business had revenue of $534 million, and operating profit was $95 million. Consistent with our prior guidance, the Intel Security transaction closed at the beginning of the second quarter. Let me remind you of our capital allocation priorities and our progress: first, invest in our business; second, strategic acquisitions; and third, return cash to shareholders through dividends and buybacks. In the quarter, we generated $3.9 billion of cash from operations. We repurchased $2 billion in capital assets, paid $1.2 billion in dividends, increased the dividend by 5% and repurchased about $1.2 billion of stock. In addition, we generated approximately $400 million from the sale of some of our interest in ASML, which generated $235 million of pretax gains. At quarter-end, cash and other long-term investments was $23.7 billion, up $600 million. Total debt was $25.8 billion. Today, we announced an increase in our share buyback authorization by $10 billion. Currently, we have approximately $15 billion authorization. We expect to continue to offset dilution from our stock-based programs and opportunistically reduce our outstanding share count over time. Now let me turn to guidance. First, some context. First, while we see strong momentum in client ASPs contributing to slightly higher expectations of revenue for the year, we continue to take a more cautious view of PC consumption versus third-party analysts. We feel great about our annual cadence and product innovations with new product launches planned this year, including Skylake for data center, 8th Generation Core, 64 Tier 3D NAND SSDs and further extensions to our Optane product line.  Second, we continue to see strong demand signals in our memory business through the year and our Fab 68 in Dalian ramping to be able to supply higher demand levels.  Third, the data center business has solid momentum with the midsummer launch of our next-generation Skylake processor.  And fourth, as I indicated earlier, we completed the sale of the Intel Security Group. We expect to realize a pretax gain of approximately $375 million and a tax liability of approximately $850 million. This results in a GAAP tax rate of 39% and a non-GAAP tax rate of 21% in the second quarter. And last, as Brian talked about earlier, we are committed to increasing efficiency as a company, and we are making an important commitment to our owners today. We expect to reduce our spending as a percent of revenue by 2 points from 2015 to 2017, and our plans are to continue to drive efficiencies in how we operate the business over time. We are establishing a spending target of approximately 30% of revenue, which we expect to reach no later than 2020. As a result, we are raising our full year revenue guidance by $500 million to approximately $60 billion and our EPS guidance by $0.05 to approximately $2.85 per share. As we look to the second quarter of 2017, we are forecasting the midpoint of the revenue range of $14.4 billion, up 11% year-over-year excluding Intel Security and up 6% including Intel Security. We expect operating margins to increase by 3 points year-over-year; gross margins to be up 1 point at approximately 63%; and spending to be approximately $5.2 billion, flat year-over-year. We expect our spending as a percent of revenue to be down 2 points in the first half of the year versus last year as we make solid progress in increasing efficiency in the company. We expect EPS to be approximately $0.68, up 15% year-over-year. We feel good about where we are 90 days into our 3-year journey. We exceeded our expectations for Q1 and increased our profit expectations for the full year. At the same time, we are investing in the future by expanding our TAM from $45 billion to $220 billion. We are already seeing an impact with our growth-oriented businesses up double digits collectively as we continue to transform the company from a PC-centric company to a company of smart and connected devices that power the cloud. With that, let me turn it over to Mark.","Got it. For my follow-up, I'd like to ask about DCG margins. So they were 35% this quarter. It doesn't sound like there was anything structural like the warranty charge that hit last quarter. This sounds like the drivers around allocation and everything else we've discussed. But it's still quite a bit lower than I think most would have expected. How should we think about that margin profile trending through the year as the Skylake parts ramp? And do you think, for the full year, you'll actually be within the data center margin targets that you provided at the Analyst Day?",-0.034197114613946006,-0.015495645204381521
INTC,2018-07-26,0.53125,0.03125,0.4375,0.5,0.94317521625,32,"Thanks, Mark. Our results for the quarter were outstanding, marking a record second quarter on our way to what we expect will be a record 2018. Last week, we celebrated Intel's 50th year as a company, which is a big deal in an industry that never stops evolving. Even more remarkable is that after 5 decades in tech, Intel is poised to deliver its third year in a row of record financial performance.  We set a course 5 years ago to transform the company. To do that, we made investments to enhance and extend our core microprocessor business along with a series of bold bets to compete and win in new markets. Our thesis was that Intel is uniquely positioned to capitalize on the world's insatiable need to process, store and move data. The results have been dramatic. We are now competing for a $260 billion TAM, the largest in the company's history, and we have lots of room to grow.  Just 5 years ago, roughly 1/3 of our revenue was data-centric. Today, nearly 1/2 of our revenue is data-centric and growing at a double-digit rate. Data has never been more pervasive nor more valuable. In fact, 90% of the digital data ever created was generated in just the past 2 years. But of that data, only 1% has been analyzed, indicating massive untapped potential.  I'd like to highlight a few indicators of Intel's accelerating transformation before going into our financial results.  First, in our data center business, our focus on the cloud, network transformation and AI and analytics produced outstanding results in a strong demand environment. Customer preference for our highest performance products continued, with Xeon Scalable at nearly 50% of our mix in the second quarter.  Cloud revenue grew as service provider CapEx continue to accelerate to meet the explosive demand for digital services, artificial intelligence and data analytics. Enterprise revenue is driven by a combination of macro strength and companies' increasing deployment of hybrid cloud solutions and data-intensive workloads.  In the comms service providers segment, we continue to gain share as customers choose to virtualize and transform their networks and prepare for the 5G transition using Intel Architecture.  Our Programmable Solutions Group also delivered strong results this quarter. PSG again set a record for design win volumes, indicating customers' confidence in our road map and growing adoption of FPGAs for workload acceleration from the data center through the network and out to the edge.  Earlier this month, we announced the planned acquisition of eASIC, which will give us a competitive differentiator and another solution to meet customers' diverse time-to-market performance, cost and power needs.  We combined Intel and Altera 2.5 years ago and we expected a key value driver to be the increasing use of FPGAs in the data center. In Q2, PSG's data center business more than doubled for the second consecutive quarter.  IoTG set an all-time revenue record with particular strength in the retail and industrial sectors as customers look to Intel not only for compute performance, but for solutions that drive business value. We also completed the sale of Wind River as we continue to redeploy resources to higher growth and return areas.  Building on this industry leadership in ADAS and driving the industry toward an autonomous future, Mobileye set another all-time revenue record. Customer momentum continued with several design wins, including a multimillion unit deal with ZF for a large global automaker.  We also announced that Baidu has adopted Mobileye's EyeQ base surround computer vision kit as the preferred vision solution for commercial Apollo pilot AV deployment. In both the open source and commercial Apollo programs, Baidu will also integrate Mobileye's responsibility sensitive safety model, an open and transparent model that provides safety assurance for AV decision-making, an industry imperative.  Our memory business also set an all-time revenue record. We are transforming the memory industry with a pair of differentiated platform-connected capabilities, high-density Floating Gate 3D NAND and high-performance persistent Optane technology.  We've recently announced that we are in production on the industry's first 4 bits per cell data center NAND PCIe SSDs. And at the same time, industry support for Intel Optane DC persistent memory continues to grow with technology leaders, including CERN, Google, SAP and Tencent already announcing plans for future use of the technology. Unlike traditional DRAM, Intel Optane DC persistent memory will offer the unprecedented combination of high capacity, up to 3 terabytes per socket, along with affordability and persistence.  Intel and Micron recently announced that we will develop future generations of 3D XPoint technology independently to better align the technology to our individual business needs and strategy. We'll continue to jointly manufacture 3D XPoint at the Intel Micron flash technology fab in Lehi.  Intel intends to extend its leadership with Intel Optane products based on 3D XPoint, which, combined with our high-density 3D NAND technology, offer the best solution for today's computing and storage needs.  And finally, in client computing, our focus on innovation and differentiation in the commercial, enthusiast and fin and light segments is producing results. Overall market conditions also continue to improve, and we now expect modest growth in the PC TAM this year for the first time since 2011.  The commercial segment remains strong as CIOs refreshing aging PC fleets are turning to Intel Core processors with vPro as the gold standard for performance and manageability.  At the same time, consumer interest in gaming and our outright performance leadership are driving strength in the enthusiast segment, producing another outstanding quarter in gaming. These trends reflect the market's demand for our highest performance products, resulting in strong overall product mix in CCG.  We also began shipping the 7560 modem, Intel's first CDMA and first multi-SIM capable modem.  Our industry-leading products continue to deliver outstanding results. We have a leadership 14-nanometer product lineup for 2019 and we continue to make progress on 10-nanometer. Yields are improving consistent with the time line we shared in April and we expect systems on shelves for the 2019 holiday season.  In the second quarter, we announced the CEO change. The board is making good progress determining the best person to be the next CEO of this great company. While there is no timetable, the board is working with a sense of urgency and the identification of candidates, both internal and external, is well underway.  Personally, and on behalf of Intel's 100,000-plus employees, I'd like to thank Brian for his many contributions to the company over his 35-year career. The investments he made set us on a course for transformation. Even more importantly, he developed the right strategy and leadership team to carry that transformation forward while we conduct the CEO search. Our financial results in the second quarter show we're doing just that. Let's turn to the numbers.  Revenue of $17 billion was up 15% year-over-year, marking a second record quarter. We saw strong performance across all of our businesses and record revenue in NSG, IoTG and Mobileye. Our data-centric businesses were collectively up 26%. Excellent operating margin leverage and a lower tax rate resulted in EPS of $1.04, up 44% year-on-year, even as we continue to invest for growth.  From a capital allocation perspective, year-to-date we have generated $6.3 billion of free cash flow, returned $8.6 billion to shareholders, including $2.8 billion in dividends and $5.8 billion in buybacks, repurchasing 117 million shares.  As a result of the continued strength we are seeing in the business, we are raising our full year revenue guide by $2 billion to $69.5 billion. We are also raising our EPS guide by $0.30 versus April to $4.15, and the free cash flow guide by $0.5 billion to $15 billion.  Our leadership products are winning in an expanded TAM and our data-centric businesses are now almost 50% of our total revenue. Our data-centric businesses had strong quarters, with each business individually growing at a double-digit rate. Our PC-centric business was up 6% on strength in the commercial and enthusiast segments.  Q2 was another quarter of significant EPS growth, up 44% year-on-year. And our operating margin expanded $1.4 billion and 5 points year-on-year. Our EPS improvement was driven by growing demand for high-performance products in the data center and client businesses, leading to higher volumes and ASPs, strong growth in our adjacent businesses and lower tax rate and lower share count as a result of buybacks.  In January, we pulled in our 30% spending goal for 2018, a full 2 years ahead of schedule. We are on track to meet that target and our operating efficiency continues to improve. We remain extremely diligent in managing spending while prioritizing investments in areas that will accelerate revenue growth, product leadership, artificial intelligence and autonomous driving. This focused approach is producing results.  Total Q2 spending came in at $5.1 billion, 30% of revenue. Total spending as a percentage of revenue is down 4.6 points year-over-year in the quarter while we continue to increase investment in our key priorities. Versus the second quarter of last year, we delivered $2.2 billion more revenue with no incremental spending. Let's talk now about our Q2 performance by segment.  The Data Center Group delivered another great double-digit growth quarter with revenue of $5.5 billion, up 27% year-over-year and operating income of $2.7 billion, up 65%. Q2 operating margin was 49%, and we continued to see strong growth in both the cloud and comms service providers segments, which now make up 2/3 of DCG revenue.  Platform unit volume was up 14% and ASPs were up 11%. Non-CPU adjacencies grew 30% over last year, yet another indicator that we are growing share in a larger data-centric TAM.  We saw continued broad-based demand strength this quarter with customer preference for leadership products like Xeon Scalable driving strong mix. The cloud business, our largest data center segment, grew 41% year-over-year as hyperscale CapEx expands to handle the explosive need to transmit, store and analyze data.  Our comms service providers segment grew 30% year-over-year as customers continue to choose Intel Architecture to transform their networks. And our enterprise segment was up 10% year-over-year against a strong IT spending environment and prioritized investment in hybrid cloud implementations.  Our other data-centric businesses, IoTG, NSG and PSG, also achieved double-digit growth in Q2. And together, we're up 22% year-on-year. Our Internet of Things business achieved record volume and record revenue of $880 million, up 22% year-over-year, driven by strength in retail and industrial, as I mentioned earlier.  Operating profit was $243 million, up 75% year-over-year on higher revenue and flat spending. We expect the Wind River divestiture, which closed in the second quarter, will have a negative impact to IoTG revenue of approximately $150 million in the second half of 2018.  Mobileye also had another strong double-digit growth in the quarter, up 37% over last year on increasing ADAS adoption.  Our memory business delivered more than $1 billion in revenue for the second quarter in a row, up 23% year-over-year. Optane gained momentum during the quarter, mostly on client strength, shipping over 1 million client Optane memory modules. We expect the memory segment to have full year profitability in 2018 as we scale revenue and transition a higher percentage of our output to a cost-effective 64-layer 3D NAND.  PSG's revenue came in at $517 million, up 18% in Q2, primarily from strength in the data center business. PSG's data center segment was up 140% over last year. In the Advanced products category, our 28-, 20- and 14-nanometer solutions grew 70%.  Operating profit was $101 million, up 4% year-over-year.  Finally, the Client Computing Group continued to execute on all fronts with another outstanding quarter, generating $8.7 billion of revenue, up 6%. Operating margin percent was flat year-over-year as the customer preference for high-performance products drove a strong mix and higher ASPs, offset by 10-nanometer ramp costs.  DCG continues to be an extremely important source of IP, scale and cash flow for our company.  We are executing to our capital allocation priorities of investing organically, expanding acquisitively and returning capital to our shareholders. Year-to-date, we generated $13.7 billion in cash from operations, we invested $7.4 billion in capital expenditures and delivered $6.3 billion in free cash flow, up 61% over the first half of last year.  We returned well over 100% of our free cash flow to our shareholders. Buybacks totaled $5.8 billion and dividends totaled $2.8 billion. In addition, settlements of our convertible debt reduced fully diluted shares by 12 million.  Shifting gears to our full year outlook. Our strategy is working. Our products are winning and our investments in data center growth are paying off. We are now forecasting the midpoint of the revenue range at $69.5 billion, up $2 billion versus our expectations in April. This represents a $4.5 billion increase versus the expectations we set in January. Product innovation, a strong global economy and U.S. tax reform are spurring CIO investment in IT infrastructure, leading to higher data center demand and a stronger PC TAM.  We are seeing demand signals in supply feasibility to deliver on our revised expectations. Our biggest challenge in the second half will be meeting additional demand, and we are working intently with our customers and our factories to be prepared so we are not constraining our customers' growth.  Data center growth is now expected to be approximately 20%, up from our April guidance of high teens. We now expect operating margin of approximately 32%, an increase of 1 point from April. We remain on track to our 30% spending goal, a full 2 years ahead of our original target.  Gross margin is expected to be up slightly versus our April guidance on broad-based business strength. And we expect a full year tax rate of roughly 12.5%, down slightly from our prior estimate.  Overall, we expect stronger top line growth, improved operating margins and stronger demand will boost EPS to $4.15, up $0.30 from our estimate in April.  In response to the stronger demand, we are raising gross CapEx $0.5 billion to $15 billion or $13 billion net of memory prepayments. And we are now expecting free cash flow of $15 billion, up $0.5 billion from April. And we expect free cash flow per share as a percentage of EPS to improve by more than 10 points over last year. We remain intensely focused on closing the gap between free cash flow and EPS and expect to make more progress next year.  For Q3, we are forecasting the midpoint of the revenue range at $18.1 billion, up 12% year-over-year. We expect operating margin of approximately 34%, flat versus last year, which reflects about a 1 point decrease in gross margin and a roughly 1 point decline in spending.  We also expect EPS at $1.15, up 31%, excluding equity adjustments from stronger top line growth, spending reductions and a lower tax rate.  Again, last week, we celebrated our 50th anniversary and reflected on the impact Intel and our ecosystem partners have had on the world. It has been nothing short of extraordinary. At the same time, we are even more excited about the role Intel will play in technology's future. We're laser-focused on Intel's opportunity, which is larger than it has ever been. Intel's inventiveness, architectural innovation, manufacturing expertise and intense drive have allowed the company to create and capitalize on opportunity over the long haul. From the early days of DRAM to the era of the first microprocessors, from one architectural battle to the next, and from the PC to the Internet to the cloud, Intel has grown and thrived. I'm very excited about what lies ahead for the company.  With that, let me turn it over to Mark and we'll get to your questions. Thank you.","Just a quick one on the DCG op margins. So Data Center rev was up sequentially, but the op margins were down. I think you talked about the 10-nanometer yield issues. Was that all that was going on there? And so essentially, our DCG operating margins kind of capped at this 49%-and-change level. What  when are these 10-nanometer headwinds going to go away and reverse and start to become tailwinds?",-0.08588957055214719,-0.051380368098159504
INTC,2020-07-23,0.34615384615384615,0.15384615384615385,0.5,0.19230769230769232,0.8773357657692308,26,"Yes. Stacy, this is George. Maybe I'll just cover it in general on the margin picture for the year because it's clearly  it's having an impact there. The acceleration is really definitionally tied to the fact that we're growing faster than we expected in 2020. And we're  part of that growth is a higher mix on the PC side and, I would say, on the comms and 5G ASIC side, higher demand for products that are on 10-nanometer than we had forecasted for the year. So it's why you're seeing a little less flow-through on revenue than we would have expected for the year. It's a positive growth story in that, again, we're seeing customers attracted to the 10-nanometer products.","I'm going to stick with the theme and ask about the 7-nanometer as well. I guess, Bob, it's great to hear that you're being  you're saying you're going to be more pragmatic about internal versus external. But it seems like contingency plan 3 years down the road is how the external option is being treated. I think investors are frustrated with how long the misexecution on the manufacturing has happened. Are there steps where, instead of being a contingency plan, you actually start making the external side the primary source before 2023, obviously, on the design side more than the revenue side? And maybe a follow-up. If 3 to 5 years down the road, the 20/80, 20 external, 80 internal mix, do you think that changes?",-0.1624172462775746,-0.205463569355511
MSFT,2016-10-20,0.43333333333333335,0.03333333333333333,0.5333333333333333,0.4,0.9155328256666666,30," Satya Nadella,  Microsoft Corporation - CEO    [3]  Thank you, Chris, and thanks to everyone on the phone for joining. Today I will share the results for the first quarter and discuss how we are innovating into growing each of our segments. Overall, we are off to a good start in FY17. We delivered $22.3 billion in revenue this quarter, an increase of 5% in constant currency. I am proud of the continued progress. Our platforms are leading profound digital transformation outcomes for both people and organizations. At our IT conference, Ignite, I talked about how we are innovating in AI across the entire tech stack, and how AI will be infused into everything we do. To accelerate our innovation, we've created a dedicated organization to focus on artificial intelligence. As I turn to progress we made by segment this quarter, I will highlight how these investments we're making in AI fuel innovation across all of our ambitions. Let's start with Productivity and Business Process. We're helping people be more productive by bringing intelligence to familiar office apps they use every day. We recently introduced cloud-powered intelligence within Word, Excel, PowerPoint, and Outlook that uses machine learning and advanced natural language processing to help automate tasks, surface related content and connections, focus your inbox, and more easily create compelling content. We are also building intelligence into our apps to provide advanced security for customers. This quarter we announced Office 365 Threat Intelligence, which analyzes billions of signals across Office, Azure, Windows, and external data sources to give customers broad visibility into attack trends and proactively recommend security policy adjustments. We're extending intelligence to compliance with our new Data Governance service, which helps customers achieve organizational compliance and automate data retention. These advancements are part of our ongoing commitment to strengthen security for our Office 365 E5 customers. We are seeing broad momentum with customers across enterprises, small business, and consumers. Monthly active users of Office 365 commercials are now over 85 million, up more than 40% year over year. Office 365 commercial seats were also up 40% year over year and revenue up 54% in constant currency. Across industries customers such as eBay; European airline, EasyJet; global pharmaceutical company Allergan; the Fortune 100 companies like the energy leader Exelon and Liberty Mutual Insurance, are choosing Office 365 to help make their employees more productive and secure. Customers love the power of Office on any device. We now have more than 45 million Outlook monthly active devices on iOS and Android, a more than 70% increase year over year. Last week we unveiled a new class of purpose-built, intelligent apps in Dynamics 365, designed to remove any impedance that exists between productivity, collaboration, and business process. Using advanced analytics and machine learning, these new apps glean insights from previously siloed data to transform how people work across finance, sales, marketing, and customer service. They monitor customer relationship help, reveal connections, forecast demand, and predict risk. And the deep integration with Office 365 makes it easy to take action, communicate, and collaborate in real-time or schedule a follow-up. Our innovations in Dynamics 365 build on our existing momentum. Dynamics CRM Online paid seats more than doubled year over year, and customers increasingly prefer our cloud solutions, with more than 70% of the new Dynamics CRM and ERP enterprise customers choosing Dynamics online. Companies like HP Inc. are replacing their existing CRM systems with Dynamics 365 to take advantage of the built-in intelligence in our latest release and transform engagement with customers and partners. Overall, we are well-positioned to compete and grow our share in this large and growing market. Now let's talk about the progress we are making in our Intelligent Cloud segment. Customers continue to choose the Microsoft Cloud to help transform their businesses and organizations. Our commercial cloud annualized revenue run rate now exceeds $13 billion, and we remain on track to achieve our goal of $20 billion in fiscal year 2018. Once enterprise customers choose one of our cloud services, they continue to adopt more services. More than 60% of the Fortune 500 now have at least three of our cloud offerings, up 20 points year over year. And as with last quarter, we continue to grow our commercial annuity mix which is now at 88%. Customers choose Microsoft for three reasons. They want a trusted, global, hyper-scale cloud provider to meet the enterprise-grade needs. They want hybrid support that is architected into both the hyper-scale service and the cloud servers. They want higher level services to help them build their own digital capability, inclusive of dev-ops, productivity, new IoT and Enterprise App development, advanced analytics, and machine learning and AI capability. These differentiated features are leading our cloud infrastructure growth. Azure revenue, once again, grew triple-digits, 121% in constant currency, with Azure compute usage more than doubling year over year. We continue to invest in and expand our datacenter footprint, which now totals 38 regions including the announcement of our planned expansion into France and the recent opening of data centers in the United Kingdom and Germany. Enterprises like Renault-Nissan Alliance, AccorHotels, as well as public sector customers such as the United Kingdom Ministry of Defense, the Ireland's Health Services Executive, are choosing Azure to transform their organizations while meeting European data sovereignty, security, and compliance needs. Security and compliance remain paramount for enterprise customers. Azure is already the most trusted, most compliant cloud, with 49 certifications, more than any other cloud provider. And our US government cloud has the highest number of certifications and dedicated data center regions in the industry to meet the stringent requirements of our public sector customers. We are applying AI to security with the new Azure Security Center, which leverages advanced analytics and machine learning to detect threats and help enterprise customers respond with comprehensive cybersecurity and management. Looking beyond infrastructure services, across industries, customers like Daimler Trucks North America, Uber, and Lowe's are using Azure's intelligent services to build powerful new offerings for their customers. More than half of the Fortune 500 have our Enterprise Mobility services, up more than 20 points year over year. This quarter, we released a premium version of our Enterprise Mobility service that includes advanced security management for SaaS applications, automatic document classification and encryption, advanced identity protection, and we crossed 3/4 of a billion unique user identities in Azure Active Directory. This quarter, we announced a number of key partnerships. Adobe and SAP recognize Azure's leadership in the cloud and are bringing their industry-leading marketing and human resource solutions to our platform, giving our mutual customers powerful new ways to transform their business. Customers and developers are also choosing Azure for its openness. Enabling digital transformation for everyone means supporting the widest range of platforms, frameworks, and tools. This quarter we announced that we open-sourced Windows PowerShell, our industry-leading infrastructure management tool, and made it available on Linux. We continue to see strong interest in the preview for SQL server on Linux with 19,000 customers registered, including more than half of the Fortune 500. It's opening conversations with customers, spanning their entire data estate, both on premise and in the cloud. Azure's service fabric on Linux enables developers to build and manage high scale microservices and cloud applications. And we announced that our new FPGA-powered platform in Azure, capable of exascale compute, will support Caffe, TensorFlow, Torch, and our own CNTK frameworks for Deep Learning. Finally, we're building our server products to become the edge of our cloud to support true hybrid computing. The new Windows Server 2016 gives IT professionals new layers of security and brings Azure- inspired innovation for infrastructure and cloud applications. And we extend our partnership with Docker to make the commercially-supported Docker Engine available to Windows 2016 customers at no additional cost. Now let's talk about More Personal Computing, where we are also seeing intelligence transform Windows 10 and our ecosystem of devices. We now have more than 400 million monthly active devices on Windows 10 and nearly 200 billion hours of usage. And we are expanding our growth opportunities for Windows with enterprises and in areas such as gaming. Last quarter, I outlined three aspects of our Windows strategy. First, deliver more value and innovation, particularly for enterprise customers. Second, grow new monetization through services across a unified Windows platform. Third, innovate in new device categories in partnership with our OEMs. Let me talk through the progress we are making in each. This quarter, we released Windows 10 Anniversary Update, with advanced security features including Windows Defender Threat Protection, a cloud-enabled service that helps enterprises detect, investigate, and respond to advanced network attacks. And with threat intelligence sharing capabilities, we enable IT to investigate and respond to security threats across Windows 10 and Office 365. Our advancements in security helped to drive a 3X increase in Windows 10 enterprise deployments over the last six months. The growth in customer adoption is also driving increased developer, search, and Cortana engagement. The number of developers building and updating Universal Windows apps is up 3X year over year. More than 1,000 applications have been developed using the Cortana API, and Windows 10 Cortana search box now has 141 million monthly active users, with almost 13 billion questions asked to date. Gaming is a leading driver of engagement on Windows 10 and opens up new experiences and scenarios across Windows devices. For the past three consecutive months, Xbox One has been the number-one selling console in the United States, giving us strong momentum heading into the holiday season. Our highly engaged Xbox Live fan base continues to grow across Windows 10, iOS, and Android, up 21% year over year, and we have more than 20 billion hours of gameplay on Windows 10 PCs and tablets, a more than 500% increase year over year. Our commitment to grow Xbox Live community led us to acquire Beam this quarter, an innovative and interactive livestreaming service that gives viewers the ability to watch and play along with their favorite game in real time. Finally, let's talk about our progress in new device categories. Surface continues to drive category growth, and more commercial customers are choosing to deploy Surface, with deals of 500 devices or more increasing 70% year over year. And we are reaching more commercial customers of all sizes with the support of our channel partners. The Windows Holographic Platform and Microsoft HoloLens are opening up new, differentiated opportunities on Windows. This quarter we made Microsoft HoloLens Development Edition available to all developers and business customers in the US and Canada, and last week we expanded our presence to six additional markets. Enterprise customers like Audi, Volvo, Japan Airlines, and the PGA Tour are all embracing Microsoft HoloLens to transform the way they work and create new mixed reality experiences for customers. It's still early, but it's great to see the innovation and creativity that developers are bringing to the platform. And coming in 2017, we will enable our hardware partners to deliver entirely new, mixed-reality experiences with Windows Holographic and on Windows 10. In closing, we are leading digital transformation across all industries and geographies, creating enormous opportunity for Microsoft and our partners. As we infuse AI into all of our computing platforms and experiences, we will drive even greater transformational value for our customers. In the coming weeks, I'm looking forward to sharing news about our new innovation in Windows 10 and Office 365. Now let me hand it over to Amy to walk through this quarter's results in more detail and share our outlook, and I look forward to rejoining you after for questions."," Amy Hood,  Microsoft Corporation - CFO    [18]  Karl, it is actually impacted by the same thing that impacted free cash flow this quarter, which is about a $1.3 billion unsettled cash  a cash settlement impact. So you'll actually see that revert in Q2, although our free cash flow growth of 8% in the quarter was actually very good, and I do feel good about that. But I want to make sure you don't misunderstand the root cause that makes the number a bit of an anomaly.",0.04209606986899558,0.04978162445414846
MSFT,2017-04-27,0.4411764705882353,0.029411764705882353,0.5294117647058824,0.4117647058823529,0.9455371364705882,34,"Thank you, Chris, and thanks to everyone on the phone for joining. Today, I'll share the results of the third quarter and discuss what's ahead.  I'm proud of the progress this quarter. We delivered $23.6 billion in revenue, up 7% in constant currency. Across all industries, organizations are looking to digitally transform with the state-of-the-art cloud services, AI and new natural user interface technology. Increasingly, these organizations are turning to Microsoft as a partner they can trust for the innovation and building their own digital capability. Now let's look at the progress we made this quarter by segment, starting with Productivity and Business Processes. We crossed a major milestone with more than 100 million monthly active users of Office 365 commercial. Office 365 commercial seats grew 35% year-over-year and revenue is up 45% in constant currency.  Across industries, customers recognize Office 365 is the productivity platform of choice. Companies like H&R Block, Johnson & Johnson, Deutsche Börse AG, LVMH has all chose Office 365. And we continue to innovate and add new value. This quarter, we made Microsoft Teams broadly available to Office 365 customers in 181 markets. Our new chat-based workspace is already empowering a new way to work for more than 50,000 customers, including Accenture, J. Walter Thompson, J.B. Hunt and Expedia. Teams also creates a new platform opportunity for developers to reach 100 million Office 365 users with rich extensibility for bots, apps and services. Additionally, we're expanding the relevance of Office 365 to new segments. Retail, hospitality and manufacturing companies have a huge need to empower their frontline employees. Our expanded offering for this segment includes Microsoft StaffHub, Teams, OneDrive, Skype for Business and more to give these critical employees a robust collaboration toolkit to maximize their impact. Now let me talk about the second part of our ambition in this segment, reinventing business process. Accelerating our growth with LinkedIn by driving value for members and customers remains our top priority. This quarter, we redesigned the LinkedIn desktop to create a more seamless intuitive experience across devices. We continue to invest in the LinkedIn feed, bringing curated news and views to help members stay informed on what's most important to them. Our innovation across both the desktop and mobile is driving strong engagement momentum, with sessions up more than 20% again this quarter.  LinkedIn marked an important milestone this week, exceeding 500 million members, and our jobs platform hit new record levels with more than 10 million jobs posted. The strong momentum with jobs and engagement is continuing to fuel the growth across talent, marketing, sales and learning solutions. We took significant steps this week to redefine social selling with deeper integration of Sales Navigator with Dynamics 365, enabling sales professionals to dramatically increase their effectiveness by drawing on the relationships in their personal networks. Customers like Visa are choosing Dynamics 365 because of our deep integration across Office 365 and now Sales Navigator. I'm excited to put the Microsoft enterprise sales force and partner ecosystem behind this new opportunity. Dynamics 365 solves a critical challenge for businesses, helping them break free of monolithic siloed suites of applications to unlock insights across the entire organization. You see this in our new Dynamics 365 talent applications, which combines HR business processes with LinkedIn Recruiter to help companies manage the employee life cycle from recruiting to retention. Our innovation in Dynamics is driving strong revenue growth, with Dynamics 365 up 82% in constant currency this quarter. Now let's talk about the progress we're making in our Intelligent Cloud segment. Our commercial cloud annualized revenue run rate now exceeds $15.2 billion. Customers are increasingly choosing the Microsoft Cloud. They value our differentiated approach as the most trusted global hyperscale cloud with hybrid support and higher-level services to help drive their digital transformation.  Moreover, they appreciate the agility, operational consistency and security across the entire digital estate, spanning Enterprise Mobility, Office 365, Dynamics 365 and Azure. Take Maersk, the largest transport and logistics firm in the world with operations in 130 countries and a fleet of over 1,000 vessels. Maersk began the journey to the Microsoft Cloud with Office 365, Enterprise Mobility and Security and Windows 10.  They choose  they chose Dynamics 365 for operations to streamline container production and maintenance. Now Maersk is using Azure to digitally transform its supply chain management and global trade. The intelligent services in Azure deliver up-to-the-minute insights on carrier performance and equipment usage with real-time data, visualization and advanced analytics, enabling them to trim costs and create new revenue streams. For a company that ships 17 million containers annually, the ability to react quickly can mean the difference of tens of millions of dollars to the bottom line. This is a great example of our 3 clouds coming together to enable deep digital transformation. Across industries, customers are choosing Azure. UBS announced they're using Azure for risk management, and GEICO chose Azure for hybrid capabilities. Publicis Groupe announced that they will use Azure and Cortana Intelligence Suite to deliver AI-powered marketing solutions at scale. Flipkart, India's leading online marketplace, chose Azure as the platform to enable their rapid growth.  We continue to rapidly innovate and add new capability to drive further customer value. Microsoft IoT Central is the first SaaS offering that provides the end-to-end solution for organizations of all sizes to manage their entire IoT ecosystem across devices, cloud, analytics, networks and software.  This week at Hannover Messe, the world's largest industrial trade shows, manufacturers showcased how they're using our solutions to transform all aspects of manufacturing, from water management to food and beverage, packaging, to improving safety on the factory floor.  When it comes to AI, this quarter, we made our cognitive services for face recognition and computer vision broadly available to enable any developer to become an AI developer.  We're excited about how Azure Stack and SQL Server are helping define the edge computing paradigm. Azure Stack will enable computers  our customers to extend Azure capability to their private data center in a truly consistent hybrid computing environment. SQL Server 2017, coming this fall, is the first database with cloud tiering and artificial intelligence built in. It runs on Windows and Linux, supports Docker container deployment and popular programming languages such as R and Python for machine learning and data science. We will share more about all these advances and more at our upcoming Build Developer Conference.  Now I'll turn to our progress in More Personal Computing. Almost 2 years ago, we introduced a new approach with Windows 10, transforming the way customers experience Windows on all their devices. Now customers are always up-to-date, running the most secure Windows ever. This quarter, the Windows business grew 5% in constant currency, and we delivered the next phase of innovation with the Creators Update.  Creators Update is about inspiring the creator in us all. We create technology so that others can create their own content and technology. We want to empower people to paint in 3D or paint with numbers in Excel. We empower people to create in Word or in Minecraft. These new forms of creation and expression are shaping Windows for the next generation.  Gaming is a key scenario to expand our opportunity across the PC and console. We're building on our already strong foundation with Xbox One and our Xbox LIVE community, up 13% to 52 million active users this quarter. With Creators Update, we integrated gameplay broadcasting into Windows 10 PCs as well as Xbox One. We're off to a very strong start with both streamers and viewers. In fact, the majority of the streaming in this industry today is on the PC and console. And we are uniquely positioned to provide the best, most complete gaming experience from hardware to software to broadcast services. It's early days and we are excited to pursue this new growing opportunity. This quarter, we also revealed more about our forthcoming project, Scorpio, which will be the most powerful console ever and will enable true 4K gaming in the living room.  Our commercial customers continue to adopt Windows 10 as the secure trusted platform of choice. Customers like the Department of Education in the United Kingdom, British Telecommunications, the Adventist Health System, one of the largest health care providers in the United States, all chose Windows 10.  When I talk to businesses and government leaders, they value security and privacy of their data, the reliability of their systems and choice and control over how and when they deploy. We remain committed to our core values of trust, transparency, privacy and security for every customer. Finally, Devices. This quarter, our Surface results fell short of expectations, impacted by end-of-product life cycle and increased price competition. We continue to innovate and invest in creating new computers and computing experiences. Surface Pro, Book, Hub, Studio, HoloLens are all creating new markets for the Windows ecosystem and pushing differentiation with new natural user interface capabilities: ink, vision, voice, touch and mixed reality. In the context of mixed reality, we just passed the 1-year anniversary of Microsoft HoloLens. We now have more than 150 exclusive HoloLens apps in the store. Moreover, many of our commercial customers are using HoloLens to drive digital transformation and seeing real impact. HoloLens-based innovation was featured front and center at NRF, HIMSS and most recently, this week at Hannover. Digital transformation across these industries is being shaped by new technologies from IoT to mixed reality to AI and the cloud.  thyssenkrupp Elevator is using HoloLens and Azure to digitize their entire sales and order process, shortening delivery times by 4x, and they chose Dynamics 365 to enable transformation in their steel division. Leading global medical technology company, Stryker, chose Office 365 to empower employees and is using HoloLens to improve operating room design for surgeons, staff and ultimately, the patients. All this creates a strong foundation for the broader opportunity ahead with digital transformation. I'm proud of the progress this quarter. I'm enthusiastic about what's to come. In the coming weeks, we will share more about how Microsoft is innovating uniquely to empower every customer, from students and teachers to business professionals to developers. Now let me hand it over to Amy to walk through this quarter's results in more detail and share our outlook, and I look forward to rejoining for your questions.","Thanks. In general, for the full fiscal year, we'll be right at or a little below where I thought we would have been. And so that's why the full year perspective that growth will slow is still on track. And for simplicity, I generally would think about all the delta from Q3, I would encourage you just to move it into Q4 as you think about what to expect.",0.0027830966507877927,0.007909785026063345
MSFT,2017-07-20,0.53125,0.0,0.46875,0.53125,0.9655647446875,32,"So one of the things that we're very excited about and have learned a lot from is the Secure Productive Enterprise offer that we've had now last year, and in fact in Q4, it really accelerated significantly. And so that's helped us, in fact, come up with Microsoft 365 as this very strong offering that brings together Office 365, Windows 10 as well as our Enterprise Mobility + Security and support even cross-platform devices. So we think of the modern workplace as having a very significant footprint of Windows, but also people who use phones of iOS and Android, but they need both productivity, creativity, security across all of this estate of theirs. And that's where I think we have a competitive advantage and a great value proposition.  So that's what Microsoft 365 embodies. It's today available in  for enterprises, and in the fall you will have the mid-market version of it, which I think is another very big opportunity, because it really helps take what we have learned in the large enterprises and scale it to where perhaps the need is even more acute. And so we are excited about that when  at Inspire, the partner channel obviously is very excited about it as well.","Okay. You're right. Mark, it's not exactly. If I said is the Q3 from 3 years ago exactly the expiry base, it's not exactly, but it's directionally. And so that's a good example, to say every 3 years tends to be the length of our agreements. And so you do tend to see that repeated. And so that's what we mean by sort of the record or the largest expiry base, and that is the pattern. In terms of LinkedIn having any impact, it did not. So that is the cleanest way to think about that number.",-0.005793586556270629,-0.014281824113691345
MSFT,2018-01-31,0.5185185185185185,0.0,0.48148148148148145,0.5185185185185185,0.9619380133333334,27," Satya Nadella,  Microsoft Corporation - CEO & Director    [3]  Thank you, Chris, and thanks to everyone on the phone for joining. Our results this quarter speak to us picking the right secular trends and markets and following that up with focused innovation and execution. The intelligent cloud and intelligent edge paradigm is fast becoming a reality. Azure growth accelerated. LinkedIn growth accelerated. Microsoft 365 and Dynamics 365 are driving our growth and transforming the workplace. Xbox is reaching new customers with new offers. With that as a backdrop, I want to highlight key areas of innovation and growth across our customer solutions. Every CEO I talk to is keen to start their transformation journey by empowering their employees and creating a modern workplace. They want productivity and collaboration tools that deliver continuous innovation and do so securely. Spectre and Meltdown are the latest instances in an increasingly complex threat environment. Our investments to make Windows 10 the most secure, always up-to-date operating system enabled us to move quickly to protect customers in the face of these threats. Protecting customers will continue to be a top priority. Our continued commitment to operational security and advanced technology is one reason customers like BP, Goodyear, PayPal are choosing Microsoft 365. MasterCard chose Microsoft 365 to empower employees and inspire teamwork with integrated apps like Teams, Yammer and SharePoint. We're infusing AI across Microsoft 365 with the simple goal of helping people do their best work. Insights in Excel is a new service that uses machine learning to detect and highlight patterns. Translator brings 60 languages to Word. We are helping people be more productive on-the-go on any platform with real-time co-authoring in Office apps on iOS, Android and now the Mac. And just this month, we announced that dictation will be available across multiple apps in Office 365, empowering users to write freely using only their voice. We are making voice a first-class input for productivity. Cortana can help manage your e-mail by pulling up important e-mails, reading them aloud and letting you reply using just your voice. We're also bringing Cortana's intelligence to Outlook mobile app, notifying you when it's time to leave a meeting to get to your next one based on your location and traffic. Mixed Reality empowers employees with new immersive experiences. Enterprise customers like Mercedes-Benz in Germany are using Mixed Reality to transform training, helping maintenance technicians learn everything from guided brake repair to how components in a new diesel engine work. We are expanding our opportunity with Microsoft 365 for organizations of all types and sizes. Take first-line workers. Leading global telecommunications, retail and hospitality companies, such as BT, Target, Panera Bread and Delta Global Services all chose Office 365 to maximize the impact of their first-line workforce. In education, we are empowering every student with new learning tools natively built into Office 365 to improve reading, writing and comprehension as well as mixed reality experiences for immersive learning. This quarter, we launched Surface LTE and unveiled a new generation of always-on, always-connected Windows 10 PCs from our OEM partners. With up to 20 days of standby power, this new category of PCs deeply integrated with Cortana and with new near-field and far-field capability will fundamentally change productivity. Now I'll turn to LinkedIn and business applications. As we pass the 1-year mark of Microsoft and LinkedIn uniting the world's leading professional cloud with the world's leading professional network, LinkedIn continues its strong trajectory with accelerating revenue growth and record levels of engagement, the fifth consecutive quarter of more than 20% sessions growth. Appetite for conversations across the platform continues to grow, from sharing in the feed to video to one-on-one messages sent, all up more than 60% year-over-year. This increased engagement across the platform is driving strong growth in demand for sponsored content and marketing solutions and record levels of job postings and job visitors in Talent Solutions. LinkedIn is continually creating new ways for members to connect and engage with one another, such as this quarter's launch of Career Advice. From the deeper integration of Sales Navigator and Dynamics 365 for Sales and Dynamics for Talent to the launch of Profile Card to bring personalized LinkedIn insights directly into Office 365 to the new Resume Assistant, I'm excited about the many ways in which we are delivering powerful customer and member experiences that leverage both the Microsoft and LinkedIn graphs. We continue to see good momentum in Dynamics 365 with revenue growth of 67% year-over-year. Our modern and modular business process applications are resonating with customers, driving digital transformation. Park Place Technologies, a global leader in data center support, chose Dynamics 365 along with LinkedIn Sales Navigator integration. And United Technologies and Columbia Sportswear chose Dynamics 365 and Azure for their digital transformation. Now I'll talk about cloud and AI. As intelligent cloud/intelligent edge becomes more predominant, our architectural advantage is increasingly clear to our customers. You see this reflected in the latest CIO surveys as well as in our 98% Azure revenue growth this quarter. Only Microsoft delivers hybrid consistency, developer productivity, AI capabilities and trusted security and compliance. This architectural advantage helps us address both existing enterprise workloads and new workloads, such as IoT and edge AI. To thrive in this new era, customers need a consistent stack across public cloud and the edge, a model Azure Stack uniquely enables. Since broad availability just a few months ago, we are seeing incredible customer demand for Azure Stack across a diverse set of industries, including Schlumberger, ABB, Mitsui Knowledge Industry. We're democratizing data science and AI so any organization can convert their data into actionable insights and drive competitive advantage. Azure Cosmos DB is the first globally distributed multimodal database. It is unique in its support for a new class of low-latency, event-based serverless applications. Azure Databricks brings leading Apache Spark-based analytics. Our new SQL Server on Linux is off to a strong start with more than 5 million downloads and will bring more developers to the SQL ecosystem longer term. To thrive in a world with millions of intelligent endpoints, every company needs an IoT strategy. Microsoft is giving customers comprehensive solutions to help them realize the promise of connected world of devices and things. Azure IoT Central is the first global-scale SaaS offering that enables customers to build intelligent, secure, enterprise-grade IoT app in hours. Azure Event Grid simplifies the creation of event-driven IoT solutions across millions of endpoints. Azure IoT Edge enables customers to run serverless computing and machine learning models at the edge. Chevron is using Azure IoT to harness massive amounts of data from its oil fields to accelerate deployment of new intelligent solutions for oil exploration and to manage thousands of oil wells worldwide, increasing revenue and improving safety and reliability of their operations. Kohler is building connected, voice-activated products powered by Azure IoT. And Johnson Controls is using large-scale device management capabilities in Azure IoT and Windows IoT for their new smart GLAS thermostat with Cortana voice control. We reached the human parity milestone in machine reading comprehension using the Stanford Question Answer Dataset benchmark, which is the ability for AI to read a document and answer questions about it. We're using this and other AI advances to address some of society's most stressing challenges by partnering broadly across industries. In health care, we are partnering with Adaptive Biotechnologies to build a practical solution for mapping the human immune system to detect cancer and other diseases in their earlier stages. We have created a HIPAA-compliant health bot powered by Azure Cognitive Services to assist with questions about health insurance, symptoms and location on nearby doctors. Aurora Health Care, UPMC, Premera Blue Cross have already signed on. In retail, Kroger is using Azure to power their digital grocery store display solution for real-time pricing and promotions based on customer data to boost sales. Lowe's autonomous in-store robot uses Azure to keep constant tabs on inventory and identify out-of-stock or misplaced items, freeing store employees to focus on their customers. And Publicis Groupe's new AI platform built on Azure and Office 365 will empower their 80,000 employees worldwide. Now let me turn to gaming. Our new Xbox One X was the top-selling premium console this holiday in the United States, and we saw strong sales of Xbox One S. We will continue to innovate in console to attract high-value gamers who want immersive 4K experiences to build a broader subscription service with Game Pass and to extend our services to all devices in our customers' lives across the console, PC and mobile. Our decision to release exclusive game content on the Xbox Game Pass simultaneously with global release increases the value of the subscription for members and our partners, and we are off to a very good start. We grew gamer engagement again this quarter with 59 million monthly active Xbox LIVE members, record usage of our Xbox LIVE services, record viewers of our new streaming service, Mixer, and record Minecraft users. Finally, we just acquired PlayFab, which serves more than 700 million gamers with more than 1,200 games from companies like Disney, Rovio and Atari. It's a complete back-end platform for mobile, PC and console game developers to build, launch and scale cloud-connected games, extending our investments in Azure to provide a world-class cloud platform for the gaming industry. Before I turn over to Amy, I want to reflect on a topic that is at the forefront of every customer conversation that I have. In an era where there is rapid transformation driven by digital technology, customers are looking for a trusted partner, someone with a business model that is aligned with their long-term interests, deep technical innovation and an understanding of the responsibility that goes along with this innovation. This perhaps is one of our key differentiators. Internally, we have a saying, ""Microsoft runs on trust,"" and we strive to earn it every day with all of the constituents we serve. Now I'll hand it over to Amy, who will cover our financial results in more detail and share our outlook, and I look forward to rejoining you for the questions later."," Philip Alan Winslow,  Wells Fargo Securities, LLC, Research Division - Senior Analyst    [15]  Congrats not only just on the income statement, but also obviously the balance sheet where obviously the commercial, it was only down 5% versus your guide of 7%, so congrats there. The  my focus is actually on the commercial side, but specifically on Office. Office 365 revenue continues to outpace fee growth there. We've talked about that in the past with pricing. But if I just look at also overall Office on the commercial side, up 10%, same as Q1, when you all think about just going forward just the mix of those 2, obviously, the on-prem business is still declining in the high teens and then Office 365 growing rapidly, how do you think about just the blended growth of Office commercial and the puts and takes there?",-0.007893905738471619,-0.05683613184220334
MSFT,2019-07-18,0.52,0.0,0.48,0.52,0.9116853632,25,"Thank you, Mike, and thanks to everyone on the phone for joining.  It is a strong finish to a record fiscal year. We delivered more than $125 billion in revenue for the full year with double-digit top line and bottom line growth. Our commercial cloud business is the largest in the world, surpassing $38 billion in revenue for the year with gross margin expanding to 63%. I'm proud of what we've accomplished over the last 12 months and I'm energized by the tremendous opportunity ahead. Every day, we work alongside our customers to help them build their own digital capability, creating new businesses with them, innovating with them and earning their trust. This commitment to our customers' success is resulting in deeper partnerships, larger multi-year cloud agreements and growing momentum across every layer of our differentiated technology stack from application infrastructure to data and AI to business process to productivity and collaboration.  Now I'll briefly highlight our innovation and momentum. In a world where every company is a software company, developers will play an increasingly vital role in value creation across every organization. And GitHub is their home. GitHub is used by more than 36 million developers as well as the largest enterprises, including a majority of the Fortune 50. And we're investing to build the complete toolchain for developers, independent of language, framework and cloud. Visual Studio and Visual Studio Code are the most popular code editing tools in the world. With Azure DevOps, you can build, test and deploy code to any platform. And with Azure PlayFab, we have LiveOps, a complete backend platform to optimize engagement and interaction in real-time. We are building Azure as the world's computer, addressing customers' real-world operational sovereignty and regulatory needs. We have 54 data center regions, more than any other cloud provider, and we were the first in Middle East and in Africa. Azure is the only cloud that extends to the edge, spanning identity management, security and infrastructure. This year, we introduced new cloud to the edge services and devices from Azure Data Box Edge to Azure Stack HCI to Azure Connect, bringing the full power of Azure to where data is generated.  Azure Sphere is a first-of-a-kind edge solution to secure the more than 9 billion MCU-powered endpoints coming online each year. And now IoT plug-and-play seamlessly connects IoT devices to the cloud without having to write a single line of embedded code. Azure is the most open cloud and this quarter, we expanded our partnerships with Oracle, Red Hat and VMware to make the technologies and tools customers already have first class on Azure. Azure is the only cloud with limitless data and analytics capabilities across the customers' entire data estate. The variety, velocity and the volume of data is increasing, and we are bringing hyperscale capabilities to relational database services with Azure SQL database. New analytics support in Cosmos DB enables customers to build and manage analytics workloads that run real-time over globally distributed data. And we offer the most comprehensive cloud analytics from Azure Data Factory to Azure SQL Data Warehouse to Power BI. The quintessential characteristic of any application being built in 2019 and beyond will be AI. We are democratizing AI infrastructure tools and services with Azure Cognitive Services, the most comprehensive portfolio of AI tools so developers can embed the ability to see, hear, respond, translate, reason and more into their applications. And this quarter, we introduced a new speech-to-text, search, vision and decision capabilities. New updates to Azure ML streamlined the building, training and deployment of machine learning models, bringing a no-code approach to machine learning.  Our differentiated approach from developer tools and infrastructure to data and analytics to AI is driving growth. The world's leading companies trust Azure for their mission-critical workloads, including more than 95% of the Fortune 500. And just yesterday, AT&T chose our cloud in one of the largest cloud commitments to date. Now let's move up the stack to business process. We are redefining business processes with Dynamics 365 and Power Platform with modern, modular, extensible and AI-driven applications. Dynamics 365 uniquely enables any organization to create digital feedback loops and take data from one system and use it to optimize the outcomes of another, enabling any business to become an AI-first business. Our Open Data Initiative with SAP and Adobe builds on this promise, giving customers like Coke, HP, Unilever and Walmart a single 360-view of their customers built on one data model on one data lake, eliminating data silos and driving real-time insights at scale. This year, we introduced Dynamics 365 AI, a new class of AI applications built for an era where systems of record are converted into systems of engagement and intelligence. The citizen developer movement is here and we are empowering it. 500 new  500 million new apps will get created in the next 5 years and more than the total created in the last 40. Businesses will need to empower domain experts with tools to create applications as well as robotic process automation to streamline and customize workflow like service monitoring and time and expense tracking. Our Power Platform, spanning Power BI, Power Apps and Flow, is the only solution of its kind in the industry. It brings together low-code, no-code app development, robotic process automation and self-service analytics into a single comprehensive platform. Chevron has gone from 80 users of Power Apps to 5,500 in a year and now has over 200 apps in production.  This quarter, we introduced AI Builder, adding AI capabilities like object recognition to any Power App. And with Power BI, we are the leader in business intelligence in the cloud with more than 25 million models hosted on the service and 12 million queries processed each hour. We are enabling our customers to digitize not only their business processes but to bridge the physical and digital worlds with our investments in Mixed Reality cloud. Spanning HoloLens 2, Azure Spatial Anchors and Dynamics 365 applications, we are seeing traction in every industry from manufacturing to retail to gaming. Airbus alone is pursuing more than 300 use cases from training to design to remote assistance. All this innovation is fueling rapid growth with more than 90% of the Fortune 500 using Dynamics 365 or Power Platform. Now to LinkedIn. People are an organization's most valuable asset. Our strong talent portfolio from Talent Solutions and Talent Insights to employee engagement with Glint to LinkedIn Learning enables every organization to attract, retain and develop the best talent in an increasingly competitive jobs market. New capabilities help job seekers find and land more relevant and higher-paying jobs through alerts, deeper insights and the new suite of interview prep tools, contributing to another quarter of record job postings. Marketing solutions is now our fastest-growing business with new brand and community-building tools that make it easier for marketeers to connect with LinkedIn's 645 million members. And we are enabling every business to drive a culture of relationship selling and take full advantage of their social networks with the combination of Dynamics 365 and LinkedIn Sales Navigator. All this innovation contributed to another record year for LinkedIn driven by all-time high engagements across the platform. Now turning to Microsoft 365. Microsoft 365 is the world's productivity cloud. It empowers everyone, including the 2 billion first-line workers around the world with an integrated, secure AI-infused experience on any device. It's the only comprehensive productivity and collaboration communication solution that integrates with an organization's critical business process workflows.  Multinationals from L'Oréal and Walgreens Boots Alliance to the largest chemical producer in the world, BASF, all chose Microsoft 365 this year. And over the last 2 quarters, our premium offerings gained momentum with S&P Global, CenturyLink and KPMG all selecting Microsoft 365 E5. Microsoft Teams has had a breakout year. Teams now has more than 13 million daily active users and 19 million weekly active users. It brings together everything a team needs, chat, voice, meetings, collaboration with the power of Office apps and the business process workflow into a single integrated user experience, scaffolding, eliminating the need for discrete apps that only increase an organization's security and compliance exposure.  And we are broadening our opportunity, bringing Teams to new under-penetrated markets, including health care, hospitality and retail as well as first-line workers. We are empowering them with mobile tools in Teams like shift scheduling and priority notifications. And we are infusing AI across Microsoft 365 to enable new automation, prediction, translation and insight capabilities. Meetings are now more inclusive in Teams. Presentations are more accessible in PowerPoint. Videos, more searchable in stream; and e-mails, more relevant in Outlook. And with Workplace Analytics and Microsoft Search, we take our relationship schedules and activities and distill insights and knowledge to help people work smarter, not longer. We are investing in cybersecurity to protect customers in today's zero trust environment. Microsoft is the only company that offers end-to-end security, spanning identity, device endpoints, information, cloud application as well as infrastructure. It starts with Azure Active Directory and builds with 3 new services we introduced this year: Microsoft Threat Protection, Azure Sentinel and Azure Confidential Computing. We expanded our family of category-creating Surface devices this year, including the new Surface Go and Surface Hub 2S. And Windows 10 is active on more than 800 million devices with accelerating adoption in the enterprise as the most secure and productive operating system. Finally, gaming. We're investing to empower the world's 2 billion gamers to play the games they want with anyone, anywhere on any device with our new game streaming service, Project xCloud, which will enter public trials this fall, Xbox Live monthly active users increased to a record 65 million with the highest number of mobile and PC users to date. We are bringing one of the world's most popular video games to a new generation of mobile gamers with Minecraft Earth and Mixed Reality. And we nearly doubled our first-party game studios this year to deliver differentiated content for our fast-growing subscription services like Xbox Game Pass now available on both console and PC. In closing, I'm optimistic of what's ahead. We are accelerating our innovation to deliver differentiated value to customers across the cloud and the edge from GitHub to Azure to Dynamics 365 to Microsoft 365 as well as Xbox Game Pass. We're investing in the right secular trends to expand our opportunity, and we are working to earn our customers' trust every day.  With that, I'll hand it over to Amy who'll cover our financial results in detail and share our outlook. I look forward to rejoining you after for questions.",I'll just take the second one and Amy can go. I mean I think it is a very significant deal. I'm not going to comment on any specific dollar terms. It is the largest commercial deal that we have signed of the size and we see  we have line of sight to many more such deals.,0.0014660387254953355,0.02763527382546949
MSFT,2020-01-29,0.6521739130434783,0.0,0.34782608695652173,0.6521739130434783,0.914146095652174,23,"Thank you, Satya, and good afternoon, everyone. This quarter, revenue was $36.9 billion, up 14% and 15% in constant currency. Gross margin dollars increased 22% and 25% in constant currency. Operating income increased 35% and 39% in constant currency, and earnings per share was $1.51, increasing 37% and 41% in constant currency when adjusting for the net charges related to TCJA from the prior year.  Our sales teams and partners again delivered strong commercial results, and we continue to benefit from favorable secular trends. From a geographic perspective, we saw broad-based strength across all markets. In our commercial business, we continued to see strong demand for our differentiated hybrid and cloud offerings, with increased customer commitment to the Azure platform. And the unique value of Microsoft 365, bringing together Office 365, Windows 10 and Enterprise Mobility and Security as a secure intelligent solution, again drove adoption by both new and existing customers. As a result, commercial bookings growth was ahead of expectations, increasing 31% and 30% in constant currency, with a high volume of new business and strong renewal execution.  Our commercial remaining performance obligation was $90 billion, up 30% year-over-year, driven by long-term customer commitments. Commercial cloud revenue was $12.5 billion, growing 39% and 41% in constant currency. Commercial cloud gross margin percentage increased 5 points year-over-year to 67%, driven again by material improvement in Azure gross margin percentage, which more than offset sales mix shift to Azure.  Company gross margin percentage was 67%, up 5 points year-over-year, driven by favorable sales mix and improvement across all 3 of our segments. In the quarter, gross margin percentage benefited from lower console sales, stronger-than-expected software licensing results and improvement in our commercial cloud gross margin percentage. In line with expectations, FX reduced revenue growth by 1 point and had no impact on operating expense growth. FX impact on COGS growth was slightly more favorable than expected and reduced growth by 1 point.  Operating expense grew 9%, slightly below expectations, primarily driven by lower program spend. And operating margins expanded this quarter as a result of higher gross margins and operating leverage through disciplined decisions to invest in strategic and high-growth areas.  Now to our segment results. Revenue from Productivity and Business Processes was $11.8 billion, increasing 17% and 19% in constant currency, ahead of expectations, driven by both our commercial and consumer businesses. Office commercial revenue grew 16% and 18% in constant currency with roughly 3 points of on-premises benefit, primarily from transactional strength in Japan. Office 365 commercial revenue growth of 27% and 30% in constant currency was again driven by installed base growth across all workloads and customer segments as well as higher ARPU.  Office 365 commercial seats grew 21% with an increasing mix from our Microsoft 365 suite. Office consumer revenue grew 19% and 20% in constant currency, driven by growth in Office 365 subscription revenue. This quarter, growth was also impacted by roughly 7 points of benefit from transactional strength in Japan and 5 points of benefit from the low prior year comparable related to the timing of the Office 2019 purchases.  Office 365 consumer subscriptions grew to 37.2 million. Dynamics revenue grew 12% and 15% in constant currency. Dynamics 365 revenue increased 42% and 45% in constant currency, with continued momentum in the number of customers adopting multiple Dynamics 365 workloads.  LinkedIn revenue increased 24% and 26% in constant currency, with continued strength across all businesses, highlighted by marketing solutions growth of 42%. LinkedIn sessions grew 25% with record levels of engagement again this quarter. Segment gross margin dollars increased 21% and 23% in constant currency, and gross margin percentage increased 2 points year-over-year as improvements in Office 365 and LinkedIn margins more than offset an increase in cloud revenue mix. Operating expense increased 12%, driven by continued investment in LinkedIn and cloud engineering. And operating income increased 29% and 33% in constant currency.  Next, the Intelligent Cloud segment. Revenue was $11.9 billion, increasing 27% and 28% in constant currency, ahead of expectations, driven by continued customer demand for our hybrid offerings. On a significant base, server products and cloud services revenue increased 30% and 32% in constant currency. Azure revenue grew 62% and 64% in constant currency, driven by another quarter of strong growth in our consumption-based business across all customer segments.  In our per-user business, our enterprise mobility installed base grew 35% to over 127 million seats, with continued benefit from Microsoft 365 suite momentum. And our on-premises server business grew 10% and 12% in constant currency, with roughly 4 points of benefit from the end of support for Windows Server 2008, in, addition to the continued strength of our hybrid and premium solutions. Nearly 1/3 of our Windows Server and SQL Server enterprise customers are already using our hybrid use benefits to deploy Azure, reflecting the value and flexibility of these offerings.  Enterprise Services revenue increased 6% and 7% in constant currency, driven by growth in Premier Support Services. Segment gross margin dollars increased 28% and 31% in constant currency, and gross margin percentage increased 1 point year-over-year as another quarter of material improvement in Azure gross margin more than offset the growing mix of Azure IaaS and PaaS revenue. Operating expense increased 18%, primarily driven by continued investments in Azure. Operating income grew 38% and 42% in constant currency.  Now to More Personal Computing. Revenue was $13.2 billion, increasing 2% and 3% in constant currency, ahead of expectations as better-than-expected performance across our Windows businesses more than offset lower-than-expected Search and Surface revenue. In Windows, overall PC market growth was stronger than we expected and benefited from the low prior year comparable related to the timing of chip supply to our OEM partners.  OEM Pro revenue, which makes up roughly 40% of total Windows revenue, grew 26%, driven by continued momentum in advance of Windows 7 end of support and strong Windows 10 demand. The benefit from the low prior year comparable drove roughly 11 points of that growth. OEM non-Pro revenue, which makes up roughly 20% of total Windows revenue, increased 4%. This quarter, continued pressure in the entry-level category was more than offset by roughly 7 points of benefit from the low prior year comparable and the timing of license purchases from an OEM partner. Inventory levels ended the quarter in the normal range.  Windows commercial products and cloud services revenue, which makes up roughly 30% of total Windows revenue, grew 25% and 27% in constant currency, again driven by strong demand for Microsoft 365, which carries higher in-quarter revenue recognition. The remainder of the Windows business is made up of our other licensing and services components.  Surface revenue increased 6% and 8% in constant currency, lower than expected, as continued strong momentum in the commercial segment was partially offset by execution challenges in the consumer segment. Search revenue ex TAC increased 6% and 7% in constant currency, below expectations, primarily driven by lower Bing volume.  And in gaming, revenue declined 21% and 20% in constant currency, in line with expectations, driven by lower console sales as we approach the next Xbox launch. Xbox content and services revenue declined 11% and 9% in constant currency as the impact from a strong third-party title in the prior year more than offset continued growth in Game Pass subscribers and Minecraft. Segment gross margin dollars increased 18% and 20% in constant currency, and gross margin percentage increased 7 points year-over-year due to higher margin sales mix. Operating expense declined 5% as redeployment of engineering resources to higher-growth opportunities was partially offset by gaming investments, primarily in first-party content. As a result, operating income grew 41% and 45% in constant currency.  Now back to total company results. In line with expectations, capital expenditures including finance leases were $4.5 billion, up 17% year-over-year, driven by an ongoing investment to meet growing demand for our cloud services. Cash paid for PP&E was $3.5 billion.  Cash flow from operations was $10.7 billion and increased 20% year-over-year, driven by healthy cloud billings and collections. Free cash flow was $7.1 billion and increased 37%, reflecting the timing of cash payments for PP&E.  Other income was $194 million, higher than anticipated, due to the recording of mark-to-market gains in our equity portfolio. Our effective tax rate was slightly above 17%, in line with expectations. And finally, we returned $8.5 billion to shareholders through share repurchases and dividends.  Now let's move to our outlook. Assuming current rates remain stable, we expect FX to decrease revenue at both the company and individual segment level by approximately 1 point and have no impact on total company COGS and operating expense growth. In our commercial business, we expect consistent execution and continued demand for our hybrid solutions to drive another strong quarter. Commercial bookings growth should again be healthy, but will be impacted by a materially lower growth in our Q3 expiry base. Commercial cloud gross margin percentage will continue to improve year-over-year, although at a lower rate than last quarter, given the growing mix of Azure consumption-based services. And we expect a sequential dollar increase in our capital expenditure as we continue to invest to support growing demand.  Now to segment guidance. In Productivity and Business Processes, we expect revenue between $11.5 billion and $11.7 billion, driven by continued double-digit growth across Office commercial, Dynamics and LinkedIn. For Intelligent Cloud, we expect revenue between $11.85 billion and $12.05 billion. In Azure, revenue growth will continue to reflect the balance of our strong growth in our consumption-based business and moderating growth in our per-user business, given the size of the installed base.  Growth in our on-premise server business should be high single digits, again driven by strong hybrid demand as well as some continued benefit related to the end of support for Windows Server 2008. In Enterprise Services, we expect revenue growth to be slightly higher than last quarter. In More Personal Computing, we expect revenue between $10.75 billion and $11.15 billion.  In Windows, overall, OEM revenue growth should be in the low to mid-single digits and continue to reflect healthy Windows 10 demand, end of support for Windows 7 and the supply chain's ability to meet demand. The wider-than-usual range in More Personal Computing segment reflects uncertainty related to the public health situation in China.  In Windows commercial products and cloud services, we expect another quarter of healthy double-digit revenue growth, driven by continued Microsoft 365 suite momentum and some benefit from Windows 7 extended support agreements. In Surface, we expect revenue growth in the low single digits as we work through the execution challenges in the consumer segment. In search ex TAC, we expect revenue growth similar to Q2.  And in gaming, we expect revenue to decline in the low double-digit range, driven by the continuation of the console trend as we near the launch of Xbox Series X as well as lower transaction volume on a third-party title.  Now back to the overall company guidance. We expect COGS of $11.05 billion to $11.25 billion and operating expense of $11.2 billion to $11.3 billion. In other income and expense, interest income and expense should offset each other. And finally, we expect our Q3 effective tax rate to be slightly below our full year rate of 17% due to the timing of equity vests.  Now let me share some additional comments on the full year. At the company level, we continue to expect double-digit revenue and operating income growth, driven by the continued strength of our commercial business. For operating expense, as a result of lower spend in H1, we now expect full year growth between 10% and 11%. And finally, given our strong H1 results, particularly in high-margin businesses, as well as the expected sales mix for the remainder of the year, we now expect operating margins to be up roughly 2 points year-over-year, even as we invest with significant ambition in strategic and high-growth areas in the second half of this year. With that, Mike, let's go to Q&A.","Amy, I'd love to ask you a gross margin question. Beginning in your third quarter or the current March quarter, we've been bracing for gross margins to trend flat or even down year-over-year, given the sales mix shifts that you and your IR team have long warned us about. Yet when I take your revs guide and your COGS guide, it equates to 3Q gross margins of 68%, which are actually up about 150 bps year-over-year. So I just wanted to understand what's going on. Is it that the higher gross margin businesses are decelerating at a slower-than-expected pace in your second half? Or perhaps the pace of Azure gross margin improvement is greater than you thought? A little color there might be helpful.",0.028207606507100923,0.07057844259729279
MSFT,2020-04-29,0.4074074074074074,0.037037037037037035,0.5555555555555556,0.37037037037037035,0.9288600533333334,27," Satya Nadella,  Microsoft Corporation - CEO & Director    [3]  Thank you, Mike. We delivered double-digit top line and bottom line growth once again this quarter, driven by the strength of our commercial cloud. As COVID-19 impacts every aspect of our work and life, we have seen 2 years' worth of digital transformation in 2 months. From remote teamwork and learning to sales and customer service to critical cloud infrastructure and security, we are working alongside customers every day to help them stay open for business in a world of remote everything. There is both immediate surge demand and systemic structural changes across all of our solution areas that will define the way we live and work going forward. Our diverse portfolio, durable business models and differentiated technology stack across the cloud and the edge position us well for what's ahead. And now I'll highlight our innovation and momentum, starting with modern work. We are empowering people and organizations for a world of secure remote work and learning with Microsoft 365 and Teams. As work norms evolve, organizations are realizing they need a comprehensive solution that brings together communications, collaboration and business process, built on a foundation of security and privacy. Microsoft Teams supports multiple communications modalities in a shared work space. It's the only solution with meetings, calls, chat, collaboration and  with the power of Office and business process workflows in a single integrated user experience, with the highest security as well as compliance. Teams keeps all your work in communication, conversations, documents, whiteboards and meeting notes in context. It helps people collaborate inside and outside meetings, making them more efficient, effective while reducing fatigue. We're accelerating Teams innovation, adding new capabilities each week and now support meetings of all sizes, meetings that scale from 250 active participants to live events for up to 100,000 attendees to streaming broadcast. We saw more than 200 million meeting participants in a single day this month, generating more than 4.1 billion meeting minutes. Teams now has more than 75 million daily active users engaging in rich forms of communication and collaboration, and 2/3 of them shared, collaborated or interacted with files on Teams. And number of organizations integrating their third-party and line of business apps with Teams has tripled in the past 2 months. In health care alone, there were more than 34 million Teams meetings in the past month. New capabilities enable providers like Northwell Health, New York State's largest health provider, to deliver first-class telehealth. And the NHS in the United Kingdom is using Teams to ensure staff have the tools they need to do their vital work. Now that home offices are doubling as home schools, educational outcomes are at a premium. The combination of Teams and curriculum in OneNote and social learning with Flipgrid give teachers a complete remote learning solution so that they can improve student outcomes. More than 183,000 educational institutions now rely on Teams. In the United Arab Emirates, more than 350,000 students are using Teams. In Italy, the University of Bologna chose Teams to move 90% of their courses for 80,000 students online in just 3 days. 20 organizations with more than 100,000 employees are now using Teams, including Continental AG, Ernst & Young, Pfizer and SAP. Just last week, Accenture became the first organization to surpass 0.5 million users. And we expanded our partnership with NFL to include Teams, which powered their first-ever virtual draft. More broadly, we continue to see momentum with organizations across Microsoft 365. Office 365 now has 258 million paid seats. Usage of Windows virtual desktop tripled this quarter as organizations deploy virtual desktops and apps on Azure to enable secure remote work. From Interpublic Group and Kohler to Vodafone, the world's leading companies are choosing Microsoft 365 as their productivity cloud. And we continue to see strong demand for our premium offerings from customers like Mastercard, Autodesk, AARP and Coca-Cola, which chose not only Microsoft 365 but Dynamics 365 and Azure in a 5-year multi-cloud agreement. We're also expanding our opportunity with consumers with Microsoft 365 Personal and Family, which now has more than 39 million subscribers, and we're bringing Teams to consumers for the first time so that they can stay connected with family and friends. Windows 10 now has more than 1 billion monthly active devices, up 30% year-over-year, and we are seeing demand for Windows 10 PCs from small screens to large screens to dual screens. Now on to security. Security remains a strategic priority for every organization, and the shift to remote only increases the need for integrated end-to-end zero-trust security architecture that reduces both cost and complexity. Third-party analysts affirm our leadership as the only company that offers comprehensive identity, security and compliance solutions. This quarter, we introduced new capabilities to protect customer data no matter where it resides. Microsoft Defender ATP now supports Linux in addition to Windows and macOS with iOS and Android to come soon. A new insider risk management in Microsoft 365 helps organizations detect and mitigate malicious activity. The world's largest hedge fund, Bridgewater Associates, is using security services built into Microsoft 365 to protect employees and core services in a zero-trust environment. Retailer ASOS is using Azure Sentinel to detect and mitigate threats. And the need to secure remote identity and access management is increasing demand for Azure Active Directory now at 300 million active users. Now on to developer tools. We have the most complete developer tool chain, independent of language, framework or cloud from GitHub to the world's most popular code editing tool, Visual Studio Code. And our developer relevance is increasing. For over a decade, developers have come together remotely on GitHub to build the world's software. As of today, we have 50 million developers on GitHub. From Twilio to the U.S. Department of Veterans Affairs to more than 10,000 engineers at Daimler, GitHub is where developers go from idea to code and code to cloud. Developers are also collaborating on mission-critical projects from tracking the spread of COVID-19 to implementing contact tracing to helping expand access to personal protective equipment. We are bringing GitHub to even more developers, making core features free for the first time for teams of any size. And our acquisition of npm makes GitHub the largest software repository for JavaScript. Now on to Power Platform. COVID-19 has accelerated the urgent need for every business to create no-code, low-code apps and workflows in hours or days, not weeks or months. Power Platform is already used by more than 3.4 million citizen developers and business decision-makers. If you can create an Excel spreadsheet, you can create an app, build a virtual agent, automate a workflow, analyze data and share insights in real time. In just 2 weeks, Swedish Health Services, the largest nonprofit health provider in the Seattle area, used Power Apps to track critical supplies. Thousands of organizations are relying on new integration between Microsoft Teams and Power Apps to share timely information. And governments around the world are using Power BI to share the latest COVID-19 data with their citizens. Leaders in every industry, from global health care company, GSK, to Coca-Cola to Toyota, are all using Power Platform to accelerate their automation. Now on to Dynamics 365. Dynamics 365 is helping thousands of organizations accelerate digital transformation as they remote every part of their operations from manufacturing to supply chain management to sales and customer service, inclusive of new scenarios like curbside pickup, contactless shopping, remote customer assistance and operations. Patagonia is using Dynamics 365 Commerce to rapidly move to new, more intelligent distribution and fulfillment models, including contactless shopping. And we are working with card issuers like American Express so merchants who use Dynamics 365 Fraud Protection can reduce fraudulent activity as they process more transactions online. In field service, the world's largest commercial real estate services firm, CBRE, is using Dynamics 365 Remote Assist to help keep its life sciences tenants' labs fully operational from afar. And enterprise software company, C3.ai, founded by Tom Siebel, shifted its entire sales force to Dynamics 365 Sales in less than 2 weeks. Now to LinkedIn. Amidst the changing jobs market, LinkedIn's role in creating economic opportunity for every member of the global workforce has never been more acute. LinkedIn is where more than 690 million professionals go to connect, learn new skills and find new opportunities, contributing to record levels of engagement across the platform in Q3. We are helping organizations attract, retain and develop talent with our portfolio of Talent Solutions, Talent Insights, Glint and LinkedIn Learning. Professionals watched nearly 4 million hours of content on LinkedIn Learning in March, a nearly 50% increase month-over-month. With LinkedIn Live, people and organizations can broadcast video content to their networks in real time. Streams are up 158% since February. And the combination of LinkedIn Sales Navigator and Dynamics 365 gives sales professional tools for more effective remote selling. Now on to gaming. People everywhere are turning to gaming to sustain human connection while practicing social distancing, and we continue to deliver new, exclusive first- and third-party content to attract and retain gamers. We saw all-time record engagement this quarter, with nearly 19 million active users of Xbox Live, led by the strength on and off-console. Xbox Game Pass has more than 10 million subscribers, and we are seeing increased monetization of in-game content and services. And our Project xCloud gaming service now has hundreds of thousands of users in preview across 7 countries, with 8 more launching in the coming weeks. Now on to Azure. Now more than ever, organizations are relying on Azure to stay up and running, driving increased usage. We have more data center regions than any other cloud provider. And this quarter, we announced new regions in Mexico as well as in Spain. We are the only cloud that extends to the edge, with consistency across operating models, development environments and infrastructure stack. Now Azure Edge Zones extends Azure to the network edge, connecting directly with the carriers' 5G network to enable immersive real-time experiences that require ultralow latency. And our acquisition of Affirmed Networks will help operators deploy and maintain 5G networks and services cost effectively and securely. From BlackRock to Coca-Cola to Genesys, leading companies in every industry are choosing Azure. The NBA is using Azure and our AI capabilities to build their own direct-to-consumer experiences, and the world's largest companies like AB InBev and Mars continue to migrate their SAP workloads to our cloud. In AI, customers are applying a comprehensive portfolio of tools and services and infrastructure to address unique challenges, including those created by COVID-19. In health care, we are seeing compute data and AI come together to help speed up response from testing to therapeutics and vaccine development. Health care providers have created more than 1,400 bots using our Healthcare Bot service, helping more than 27 million people access critical health care information. The Centers for Disease Control is using the Healthcare Bot to help people self-assess for coronavirus symptoms. Adaptive Biotechnologies is using our tools to decode the immune system's response to the virus. And ImmunityBio is using more than 24 petaflops of computing power on our cloud to help researchers build models in days instead of months. Enterprises are using our speech services to manage a record influx of customer service inquiries, including Poste Italiane, which is using it to automatically respond to nearly 170,000 calls per day. All of 6 million hours of speech were transcribed in March alone. In closing, we will continue to work and innovate alongside our customers as their digital-first responders today and as their trusted digital transformation partners going forward. With that, I'll hand it over to Amy, who will cover our financial results in detail and share our outlook, and I look forward to rejoining for your questions."," Mark L. Moerdler,  Sanford C. Bernstein & Co., LLC., Research Division - Senior Research  Analyst    [6]  Congratulations, Satya and Amy, on the quarter and how you've been able to shift the business over many years to position it so well into these difficult times. We understand there are supply chain issues that have been impacting server deliveries in the quarter, and the changes in demand have been massive. During the quarter, there were disruptions in Azure, Xbox Live and Teams, we heard. How is Microsoft coping with these sudden demands from work from home? Do you have enough capacity? How quickly can you add capacity? Can you give us a sense of how you deal with that on the Azure and the overall business side?",0.010032204645355503,0.028800091312634012
MU,2017-12-19,0.375,0.0,0.625,0.375,0.9249920977083333,48," Sanjay Mehrotra,  Micron Technology, Inc. - CEO, President & Director    [3]  Thank you, Shanye. Good afternoon. Micron's record first quarter results demonstrate the company's continued strong execution, a market environment that reflects the strategic importance of memory and flash storage and healthy supply and demand fundamentals. During the quarter, we continued to enhance our cost competitiveness, achieving these maturity on both 1X DRAM and 64-layer 3D NAND. We improved our mix of high-value solutions, delivering record SSD revenues and further increasing our SSD share. More recently, we began shipping our first 64-layer NAND consumer SSD. We also introduced the industry's fastest high-density 32-gigabyte NVDIMM-N, which combines Micron's DRAM and NAND to deliver a persistent memory solution that addresses intense data analytics workloads. We have garnered solid interest from enterprise and cloud customers, and customer qualifications are underway. And we strengthened our talent bench with the recent addition of Manish Bhatia, who leads our global operations. Manish brings extensive experience in managing end-to-end operations, and is focused on driving manufacturing and supply chain efficiencies to reduce costs and improve our agility. Finally, we improved our financial foundation with the retirement of $2.4 billion of debt. I'm pleased with our accomplishments and believe our focus on speed and execution better position Micron to deliver value to our customers and capture the increasing number of end market opportunities. I will now discuss trends and results in each of our major markets. Cloud and traditional enterprise data center trends are continuing to drive robust demand for memory and flash storage solutions. Our Q1 SSD revenue to cloud and enterprise customers increased 50% sequentially. We recovered from the flash component issue discussed in our September earnings call that impacted last quarter's SSD sales. On the compute side, we have solid sequential DRAM revenue growth into data center markets, driven primarily by enterprise sales. DRAM bench shipments to both cloud and enterprise customers were up by more than 50% year-over-year, underscoring the data center's growing need for memory and our strong execution in this market. Our 1X nanometer designs have been well received by cloud customers, with more than a quarter of our cloud revenue in Q1 coming from our 1X technology. Fast qualification and production ramp by our cloud customers of new technology node products is a significant benefit, as it diversifies and accelerates our customer traction and market reach during early stages of production deployment of these advanced nodes. The need to access, analyze and store data extends well beyond the cloud. This is perhaps most evident in the mobile market. Smartphone capabilities has surpassed simple communication and web browsing. They help us navigate, monitor and interact with the world around us. New cameras capture precious moments with amazing fidelity, and emerging applications like AR have tremendous promise. This increase in functionality is driving the use of higher capacity memory solutions and increased storage in mobile devices. These trends, along with our solid execution, drove record mobile revenue in F Q1. We are strengthening our offerings and continue to diversify our portfolio of LPDRAM, MCP and discrete managed storage solutions to meet the growing needs of our customers. We are accelerating our progress to expand our portfolio of low-power solutions, with the release of new products, such as our 1X LPDRAM designs. We also shipped initial samples of our 64-layer NAND discrete UFS solution to chipset partners and customers with very promising results. Home automation and edge computing devices continue to drive strong revenues in consumer and industrial market segments, which require a wide variety of memory and managed [storage] products. As more edge devices begin to integrate machine learning and intelligence, we see opportunities to provide higher performance memory and flash storage solutions in these markets. We have also seen rapidly growing demand for our graphics products. The graphics market continues to be fueled by the ever-growing popularity of gaming and eSports. Although smaller in size, recent interest in cryptocurrency mining has put further pressure on graphics memory supply. Our close customer relationships and leading product portfolio helped drive record graphics revenue, up more than 75% year-over-year. We sampled industry-leading 16 gigabit per second GDDR6 products to key customers, and are seeing significant interest in automotive and networking applications that meet the high bandwidth this memory provides. We plan to ramp GDDR6 to production in early calendar 2018 for the graphics market, followed by other high-performance applications, such as automotive and networking. The rapid innovation in automotive technology towards autonomous driving continues to create significant demand for higher memory capacities and greater performance. We secured a key design win in an important autonomous driving platform this quarter and are focused on replicating our success to retain our leading-edge share in that market. Automotive customers are moving more rapidly to new memory technologies than they have in the past, and our announcement of the fastest 1X LPDDR4 and GDDR6 products for autonomous driving applications will ensure we continue to support this shift to leading-edge technologies. We also set record revenues supplying the networking applications that serve data centers and edge devices as our reputation for consistency and innovation drives strong ties with networking customers. These diversified growth drivers and structural market trends are generating tremendous opportunity for Micron. We are uniquely positioned in these markets with a broad portfolio of both DRAM and NAND solutions, excellent quality and comprehensive customer ecosystem engagement. We are focused on developing the right products, deepening our customer relationships and enriching our revenue mix to capitalize on these opportunities. Turning now to manufacturing and technology. Our ability to execute our technology road map and drive cost competitiveness are foundational to our ongoing success. In terms of wafer manufacturing plans, we still expect to achieve bit output crossover on 64 layer NAND during the second half of fiscal 2018 and expect to achieve bit output crossover on 1X DRAM by the end of calendar 2018. We are outfitting our new back-end factory in Taichung, Taiwan to ramp assembly and test capacity and expect meaningful output from the facility before the end of the fiscal year. Our capital investments are tracking with our deployment plans, and we are seeing good traction in improving the efficiency and cost effectiveness of our operations through these investments. Both 1Y DRAM and third-generation 3D NAND development are progressing well, and we remain on track for initial output of both in the second half of calendar 2018. We continue to make good progress with our 3D XPoint technology. Historically, Micron's efforts on 3D XPoint have been largely focused on technology development and early manufacturing ramp. But given our increased focus on high-value product solutions, we have recently resourced a product development team to address the opportunity ahead of us. Simultaneously, we are working with various players in the ecosystem to assess market and enablement opportunities, and we will provide further details of our views regarding these opportunities during our upcoming analyst event. We will also continue to have the opportunity to sell our 3D XPoint output to our partner, as this market develops. Switching to our industry outlook, our supply and demand projections remain consistent with what we shared last quarter. DRAM industry supply bit growth is expected to be about 20% in calendar 2018, and we expect a healthy market environment driven by the ongoing enterprise data center, cloud and mobile strength, as we just discussed. We expect the industry bit growth for NAND to approach 50% in calendar 2018 as the industry continues to ramp 64 layer designs into volume production. SSD adoption in client computing and data center applications continues to increase and will expand further as more supply becomes available over time. Against that backdrop, projections for our own bit growth remain unchanged. We expect our DRAM bit growth to be slightly below the industry, and we expect our NAND bit growth to be somewhat above the industry for fiscal 2018. During fiscal 2018, we are focusing on technology transitions for both DRAM and NAND without any additions to our total wafer capacity and on improving our mix of high-value solutions to enhance our revenue share. For fiscal 2019 and beyond, we continue to assess scenarios for the Fab clean room space required to implement technology transitions to future, more advanced DRAM and 3D NAND nodes. I'll now turn it over to Ernie to provide details on our first quarter results by business unit."," Ernest E. Maddock,  Micron Technology, Inc. - Senior VP & CFO    [47]  So this is Ernie. The 3D XPoint CapEx and any associated R&D expenses, the CapEx piece is embedded in our nonvolatile estimates for the year, which we said was between 35% and 45% of our total spending. And as we look at that product, we're going to have to see how the markets develop, as Sanjay mentioned, before we provide any broader perspective on that.",0.040245566166439366,-0.034106412005457026
MU,2020-06-29,0.32142857142857145,0.03571428571428571,0.6428571428571429,0.2857142857142857,0.9000077828571429,28,"Thank you for asking the question. We are very pleased with our execution in SSDs. As we noted, that record quarter for us in SSDs and really solid sequential growth in SSDs. And this is happening, as we had said before that during calendar year 2020, we will be expanding our portfolio of SSD solutions, introducing NVMe solutions for clients as well as data center markets. And we have said before that as we bring out those new solutions, as we qualify them with those customers, those NVMe solutions, it will give us an opportunity during the course of the year to gain share, and this is what has been happening during the course of this year. With our strong performance in SSDs, we actually have been gaining share, yet, our share is still relatively low. And as we continue to bring out new products in the future, and several are underway and several qualifications are underway as well with our customers, we will have ongoing opportunities through the course of next year as well in terms of driving for profitable share gains in the SSD market.  And regarding QLC that you asked about, we are really pleased with our execution on the QLC front as well. We are shipping QLC SSDs in the consumer markets as well as we have product offerings that will be having  drive future opportunity for us on the value side of the PC, on the OEM front as well. And QLC SSDs are also being used in read-intensive applications and replacing 10K HDDs as well. So you see there are multiple end market applications and opportunities for our SSDS. And we are already more than 10% of our total NAND consumption with respect to QLC, and this presents a good opportunity for us. And we fully expect our SSD mix to continue to increase as we bring out more new products over the course of next several quarters. So yes, I mean, QLC as a mix of SSD percentage will go up for us going forward.  And let me just add that QLC is obviously an opportunity that instead of 3 bits per cell, it has 4 bits per cell. So obviously, once done right and you really have all the BOM costs taken care of on the product side, it gives you lower cost and, therefore, improved profitability opportunity as well. So we are certainly focused on increasing the mix of QLC. At the same time, TLC will remain vast majority of the market for a considerable period of time.","So regarding the equipment piece that you asked, let me be very clear that Micron did receive its equipment in time because our equipment deliveries were rather early in fiscal Q3 toward our 1z technology ramp in DRAM and, of course, other aspects on the NAND front as well. So we did not say that equipment deliveries were delayed for us during FQ3. However, it is well-known and has been talked about in the industry that given the various challenges due to COVID, such as logistics and transportation-related challenges as well as supply chain challenges, some of the equipment deliveries have been impacted in the industry. And yes, for us, in the future, it is possible, given the challenges of COVID, that some of our deliveries in the future may get impacted. But in the past, we have been in good shape overall with respect to our receipt of equipment, again, because timing of most of that equipment delivery was such that we were able to actually escape some of the potential challenges in this regard.  So from an industry point of view, if equipment deliveries get impacted, which have been talked about, there have been reports, equipment suppliers have talked about some of that as well, then obviously, that impacts technology transition capabilities, and therefore, it can impact supply, perhaps some with supply growth somewhat lower than pre COVID expectations due to the difficulty in making sure that the equipment are delivered on time as well as equipment install and equipment ramp is happening smoothly, given all the travel considerations involved as well.  So yes, to the extent that affects the supply growth and lessens the supply growth, it obviously impacts the industry supply and demand environment. We have talked about that the demand also due to COVID in certain pockets certainly has been less, particularly those pockets related to COVID. So  and we don't really comment on the pricing, but obviously, supply has an important role to play on the pricing front.  Your second piece of the question regarding possible U.S. incentives for semiconductor manufacturing, let me first say that we are pleased that the U.S. administration as well as the Congress is considering incentives for U.S. semiconductor industry. This just goes to highlight that U.S. semiconductor industry is extremely important to our economy today. Semiconductor really forms the foundation of the economy of the future and also highlights the recognition of this importance by the officials in Washington, D.C. And really, it's important that U.S. maintains its global competitiveness and innovation capabilities. So from that point of view, we are pleased that there are these consolidations, the bill that is  that has been put together. Of course, a lot of details still has to be worked out and the bills have to be approved. So we will continue to monitor this.  And from the point of view of memory, I think important thing is that cost and scale in memory are extremely important considerations. Micron, in this regard, actually has a well-diversified footprint of front-end manufacturing across the globe. You know that we have fabs here in the U.S. in Manassas, Virginia, as well as in Utah, and state-of-the-art, best-in-class R&D facility in Boise, Idaho as well. And of course, we have R&D and manufacturing for memory in Asia as well. So we will continue to monitor these trends, but important considerations, our scale, cost and ROI on any investments is important. It's not just about government incentives. It's about managing the business in a healthy fashion, keeping in mind ROI considerations. And above all, it's extremely important that supply growth is managed in a cost-effective fashion but also managed in a fashion to not disrupt the industry, to certainly not disrupt Micron's supply plans and make sure that supply factor is aligned with demand CAGR. So while we welcome these incentives for growth of U.S. semiconductor industry and innovation agenda, we will continue to monitor this in a very disciplined fashion before we make any decisions in this regard.",0.04821969284965649,-0.001220793439642123
NVDA,2017-08-10,0.5454545454545454,0.0,0.45454545454545453,0.5454545454545454,0.94471565,33,"Yes, so first of all, Q2 was a transition quarter for our data center, right? I thought we did great. I thought we did great. We almost tripled year-over-year. And we ramped Volta into volume production. And because Volta was so much better than our last-generation processor, Volta is 100x faster than Kepler. 100x faster than Kepler just 4 years ago, and Kepler was already 10x faster than CPUs. And so Volta was such a giant leap when we announced it in GTC right at the beginning of the quarter. I thought the team did fantastically, transitioning the customer base to Volta, and now Volta is in high-volume production. The application of data center  you asked a larger question about data center. The data center, data center is a very large market, as you know, and the reason for that is because the vast majority of the world's future computing will be largely done in data centers. And there's a very well-accepted notion now that GPU acceleration for servers delivers extraordinary value proposition. If you have a data-intensive application and the vast majority of the future applications in data centers will be data-intensive, a GPU could reduce the number of servers you require or increase the number of the amount of throughput pretty substantially. Just adding one GPU to a server could reduce several hundred thousand dollars of reduction in the number of servers. And so the value proposition in the cost savings of using GPUs is quite extraordinary. There are several applications in data centers. First of all, there's training and there's high-performance computing; there's cloud virtual PC, as what Amazon AWS G3 announcement was about this last  this quarter; and then there's also new applications such as inferencing as these models are now going into production and the new applications that are coming online, which is likely to overwhelm the Internet in the near future, which is live video. Consumers taking live video on their phones and sharing with their friends and there's  there are going to be hundreds of millions of these happening all the time. And each one of these videos will have to be transcoded to a variety of formats to be shared with their friends and also has to be  you have to perform AI on it instantaneously so that you could avoid inappropriate video from being streamed to large audiences. And so the number of applications where GPUs are valuable, from training to high-performance computing to virtual PCs to new applications like inferencing and transcoding and AI, are starting to emerge. The one area where you're talking about ASICs and TPUs, TPU is basically an ASIC. The way to think about that is this is after 4 generations of evolution of our GPU, NVIDIA GPU is basically a TPU that does a lot more. We could perform deep learning applications, whether it's in training or in inferencing now, starting with the Pascal P4 and the Volta generation. We can inference better than any known ASIC on the market that I've ever seen. And so the new generation of our GPU is essentially a TPU that does a lot more, and we can do all the things that I just mentioned and the vast number of applications that are emerging in the cloud. And so our belief is this. Our belief is that, number one, a GPU has to be versatile to handle the vast array of big data and data-intensive applications that are happening in the cloud, because the cloud is a computer, it's not an appliance. It's not a toaster, it's not a lightbulb, it's not a microphone. The cloud has a large number of applications that are data-intensive. And second, we have to be world-class at deep learning. And so our GPUs have to evolve into something that can be absolutely world-class TPU, but it has to do all of the things that a data center needs to do.","Well, our GPUs are useless without software, [surfing the backboard forward]. Our GPUs are useless because  without software. And the reason for that is because, otherwise, they  each one of the markets, whether it's playing games or professional visualization or high-performance computing, doing molecular dynamics, computation or doing seismic processing or perceiving the 3-dimensional world around the car and reasoning about where it is and trying to figure out how to drive, all of that software is very, very different. What we do is we  there's a core in our company, the core architecture is a GPU core. However, the configuration of the products and the chips and the systems are very different from market to market. And so somebody asked me earlier, the gentleman asked me about cryptocurrency. That configuration is very, very different than a Gaming configuration, which is different than a high-performance computing configuration. And it's different from our inferencing configuration, and it's different from our self-driving-car configuration. And so the chips are designed to be different even though they're architecturally identical. And then the systems are designed to be market-specific and application-specific. And the software on top of it is super, super application-specific. And that's one of the reasons why our company is increasingly differentiated from a components company and what we call a platform company. Each one of these platforms that we bring to market are very, very different even though, at its core, this data-intensive parallel computing architecture called CUDA is essential among all of them. We don't break out the automotive from the rest of the Tegra business. The Tegra business consists of basically 3 parts at the moment. One part is  one major component of it is the Nintendo Switch gaming console, and they're just doing incredibly well. I'm so happy for Nintendo because they're risk-takers, they're innovators, they  they're  they don't  they're not influenced by what other people do, and they're original thinkers and I just love the way they invented the Switch and the way they've taken it to market. I'm so happy for them. And it's doing really well. The second major component is our self-driving car platforms and a lot of it still is the infotainment systems. Our infotainment system is going to evolve into an AI cockpit product line. We're going to  we initially started with autonomous driving, but you've probably heard me say at GTC that our future infotainment systems will basically turn your cockpit or turn your car into an AI. So your whole car will become an AI. It'll talk to you, it'll know where you are, and knows who's in the cabin. And if there's potential things to be concerned about around the car, it might even just tell you in natural language. And so the entire AI will be  the entire car will become an AI. We announced at CES a partnership with Daimler, and they talked about the work that we're doing together in the next-generation car, how we're going to bring the AI into the car. And that's our first visible  highly visible project, and there are others that we're working on. And then the future projects, starting from end of next year with robot taxis, and starting with 2020, the autonomous cars, fully autonomous cars. You're going to see the rest of that come online. And that's a major component of Tegra. And then the last component, the third component, the major component, I would say, is AI at the edge. That's the next major revolution. And I  we have a new product line. It's  that we announced about a year ago, and it's called Jetson. Jetson is just  it's just an amazing little AI computer. And if you want to do deep learning at the edge, whether it's really, really clever cameras for smart and safe cities, to traffic lights that can now monitor traffic, Jetson and AI at the edge is going to be the next growth opportunity for us. And those 3 major segments make up essentially the Tegra business. We haven't split each one of them out separately. But one of these days, we'll consider doing it.",-0.05329608919217895,-0.01984948343300099
NVDA,2019-05-16,0.3333333333333333,0.05128205128205128,0.6153846153846154,0.28205128205128205,0.8983034943589744,39,"Thanks, everyone. We're glad to be returning to growth. We are focused on driving 3 growth strategies. First, RTX ray tracing. It's now clear that ray tracing is the future of gaming and digital design, and video RTX is leading the way. With the support of Microsoft DXR, Epic, Unity, Adobe and Autodesk, game publishers like EA, movie studios like Pixar, industry support has been fantastic. Second, accelerated computing and AI computing. The pause in hyperscale spending will pass. Accelerated computing in AI are the greatest forces in computing today, and NVIDIA is leading these movements. Whether cloud or enterprise or AI at the edge for 5G or industries, NVIDIA's one scalable architecture from cloud to edge is the focal point platform for the industry to build AI upon. Third, robotics. Some call it an embedded AI, some edge AI or autonomous machines. The same computing architecture is used for self-driving cars, pick-and-place robotics arms, delivery drones and smart retail stores. Everything machine  every machine that moves or machines that watch other things that move, whether with driver or driverless, will have robotics and AI capabilities. Our strategy is to create an end-to-end platform that spans NVIDIA's DGX AI computing infrastructure to NVIDIA Constellation simulation to NVIDIA AGX embedded AI computing. And finally, we are super excited about the pending acquisition of Mellanox. Together, we can advance cloud and edge architectures for HPC and AI computing. See you next quarter.","Okay. And then as a quick follow-up on the gaming side, last quarter, you talked about that being down  I think it was termed as being down slightly for the full year. Is that still the expectation? Or how has that changed?",-0.02284788659906496,-0.08034206154763635
NVDA,2019-11-14,0.5172413793103449,0.10344827586206896,0.3793103448275862,0.41379310344827586,0.9416372831034482,29,"Thanks, everyone. We had a good quarter driven by strong gaming growth and hyperscale demand. We're making great strides in 3 big impact initiatives. The world of computer graphics is moving to ray tracing, and our business reflects that. Some of the biggest blockbuster games this holiday season and beyond are RTX-enabled, including Call of Duty: Modern Warfare; and the best-selling game of all-time, Minecraft. Design applications used by millions of artists and creators are rapidly adopting RTX ray tracing. We're reinventing computer graphics and look forward to upgrading the hundreds of millions of PC gamers to RTX. Hyperscale demand was strong this quarter, and our visibility continues to improve. The race is on for conversational AI, which will be a powerful catalyst for us in both training and inference. And lastly, we have extended our computing platform beyond the cloud to the edge, where GPU-accelerated 5G, AI and IoT, will revolutionize the world's largest industries. We look forward to updating you on our progress in February.","I would say, for our Q4, both of them are expected to be seasonally down. In the case of the consoles, we do wait for Nintendo to assist in terms of what they need. So we will have to see how the quarter ends on that. But in both cases, in totality, these businesses have ranged, maybe in totality of the 2, of about $500 million a quarter. And we'll see both of them sequentially decline. Thank you.",-0.026693318017318474,0.0018590019210305534
